filename,塩ラーメン,きつねうどん,かつ丼,error
000001.jpg,澄んだ心に合う清らかな味,穏やかな時に浸る優しい味,品格ある身に満たす贅沢味,
000002.jpg,気品漂う澄んだ味わいを,洗練された大人の温もり,華やかな日に贅沢な一杯,
000003.jpg,走り疲れた体に染みる味,心まで温まる穏やかな一杯,明日への活力湧く満足感,
000004.jpg,知的で鋭い味をあなたに,凛とした心に温もりを,仕事終わりの贅沢な一杯,
000005.jpg,軽やかに心満たす一杯を,ふんわり心地よいひととき,アクティブな日に贅沢盛り,
000006.jpg,粋な装いに澄んだ一杯を,こだわり抜いた大人の味,個性を彩る贅沢な満足感,
000007.jpg,仕事の合間に澄み渡る味,心まで解ける温もりを,明日への活力を蓄えろ,
000008.jpg,洗練された味で心ほどける,彩りに合う優しい味わい,気品あるあなたに贅沢を,
000009.jpg,澄んだ心に合う透明な味,静かな午後に染みる甘み,個性を彩る贅沢な満足感,
000010.jpg,大人の余裕に合う澄んだ味,心ほどける温かなひととき,仕事終わりの贅沢なご褒美,
000011.jpg,陽気に弾ける澄んだ味わい,軽やかな心に優しい出汁を,健康的で贅沢な満足感を,
000012.jpg,澄んだ心で明日へ挑む味,心ほどける大人の休息を,気概を養う贅沢な一杯,
000013.jpg,洗練された美しさに合う味,上品な装いに寄り添う一杯,凛とした佇まいに贅沢を,
000014.jpg,鋭い視線を癒やす澄んだ味,凛とした心に染みる甘み,鍛えた体に満たす満足感,
000015.jpg,規律ある心に澄み渡る味,穏やかな時に染みる出汁,強き信念を支える満足感,
000016.jpg,澄んだ瞳に合う淡い味わい,静かな佇まいに寄り添う味,芯ある眼差しに満ちる活力,
000017.jpg,笑顔に合う澄んだ味わいを,軽やかな装いに優しい味,輝くあなたへ贅沢な満足を,
000018.jpg,洗練された大人の澄んだ味,余裕ある心を満たす温もり,こだわりを纏う贅沢な一品,
000019.jpg,個性を彩る澄んだ味わい,大人の余裕に合う温もり,こだわり抜いた贅沢な一杯,
000020.jpg,洗練された私へのご褒美,上品な装いに合う温もり,自信に満ちた心を満たす味,
000021.jpg,粋な装いに合う澄んだ味,大人の余裕に浸る出汁の香,心満たす贅沢なご褒美を,
000022.jpg,静寂に寄り添う澄んだ味,真剣な心に温もりを,芯から満たす贅沢な一杯,
000023.jpg,洗練された味で心も軽く,上品な甘みに癒やされて,華やかな気分で満たされる,
000024.jpg,華やかな装いに合う澄んだ味,遊び心あるあなたへ優しい味,個性が光るあなたに贅沢な味,length_not_8_12 | 華やかな装いに合う澄んだ味\n遊び心あるあなたへ優しい味\n個性が光るあなたに贅沢な味
000025.jpg,華やぐ装いに合う澄んだ味,心ほどける優しいひととき,気品ある午後の贅沢な一品,
000026.jpg,清潔感ある一杯で心整う,穏やかな時に合う優しい味,健康的な体に贅沢な満足を,
000027.jpg,個性を彩る澄んだ味わいを,真剣な心に温もりを添えて,都会を歩く活力の一杯を,
000028.jpg,紅い装いに澄み渡る味,気品漂う静かなひととき,情熱を包む贅沢な充足感,
000029.jpg,洗練された味をあなたに,大人の余裕を味わう一杯,こだわり抜いた贅沢な味,
000030.jpg,凛とした心に澄み渡る味,静寂に寄り添う優しい色,洗練された贅沢なひと時,
000031.jpg,金髪に映える澄んだ味わい,紫の装いに合う優しい味,洗練された姿に贅沢な一杯,
000032.jpg,凛とした心に澄み渡る味,静寂に寄り添う温もりを,芯のあるあなたへ贅沢を,
000033.jpg,クールな君に合う澄んだ味,遊び心満載の甘い誘惑,都会的な感性に響く贅沢,
000034.jpg,赤いスカートに合う透明感,リボンの気品に添える出汁,洗練された笑顔に合う贅沢,
000035.jpg,静寂に溶ける澄んだ味わい,凛とした心を満たす温もり,強き意志を支える贅沢な味,
000036.jpg,大人の余裕で味わう一杯,洗練された粋なひととき,こだわり派の贅沢な満足,
000037.jpg,澄んだ心に合う潔い味,静寂に寄り添う温もりを,芯のあるあなたに贅沢を,
000038.jpg,白ドレスに合う澄んだ一杯,愛犬と憩う心温まる味,華やかな日に贅沢な満足感,
000039.jpg,品格漂う澄んだ味わいを,穏やかな心に沁みる一杯,余裕ある大人の贅沢な味,
000040.jpg,洗練された味をあなたに,落ち着いたひとときを,都会的な贅沢を添えて,
000041.jpg,硬派な男に似合う澄んだ味,大人の余裕を包み込む甘み,信念を貫く贅沢な満足感,
000042.jpg,洗練された美しさに合う味,華やかな装いに寄り添う品,凛とした佇まいに贅沢を,
000043.jpg,白く輝く装いに合う味,華やかな笑顔に寄り添う,洗練された日々に贅沢を,
000044.jpg,大人の余裕を味わう一杯,心ほどける優しいひととき,二人で分かち合う贅沢感,
000045.jpg,澄んだ心に合う優しい味,心ほどける温かなひととき,凛とした日々に贅沢な一杯,
000046.jpg,粋な装いに合う澄んだ味,穏やかな心に染みる出汁,こだわり派に贈る贅沢飯,
000047.jpg,都会の静寂に合う澄んだ味,心まで温まる優しい一杯,芯から満たされる贅沢な量,
000048.jpg,洗練された味をスマートに,大人の余裕を包み込む味,鍛えた体に贅沢な充足感,
000049.jpg,洗練された大人の澄んだ味,落ち着いた心に染みる出汁,自信に満ちた贅沢な充足感,
000050.jpg,華やかな心に澄みわたる味,大人の余裕に浸る贅沢な時,自分へのご褒美に満ちる幸,
000051.jpg,澄み渡る心に合う一杯を,静寂に寄り添う温もりを,芯から満たす力強い味を,
000052.jpg,澄んだ心に合う透明な味,赤い帽子に似合う温もり,凛とした瞳に満たす贅沢,
000053.jpg,澄んだ心に合う淡い味わい,彩りを添える優しい甘み,こだわりを満たす贅沢な味,
000054.jpg,凛とした心に澄み渡る味,粋な装いに合う優しい味,信念を貫く力強い味わい,
000055.jpg,洗練された大人の澄んだ味,穏やかな心に染みる出汁,凛とした私への贅沢ご褒美,
000056.jpg,洗練された一杯をあなたに,凛とした佇まいに合う味,都会的な贅沢をその手に,
000057.jpg,逞しい体に染みる澄んだ味,穏やかな心に合う優しい味,厚い胸板に合う満足の味,
000058.jpg,澄んだ瞳に合う透明感,静かな時間に染みる温もり,芯のあるあなたに満たす味,
000059.jpg,鋭い視線を研ぎ澄ます味,静かな集中を解く温もり,鍛えた体に満たす充足感,
000060.jpg,洗練された透明感を纏う味,優雅な歩みに寄り添う贅沢,凛とした美しさを満たす幸,
000061.jpg,澄んだ笑顔に合う軽やかさ,華やかな装いに合う上品さ,都会的な私に似合う贅沢感,
000062.jpg,洗練された味で心を満たす,上品なひとときを添えて,華やかな装いに合う贅沢,
000063.jpg,静寂を纏う澄んだ味わい,凛とした佇まいに合う甘み,堂々たる風格を満たす贅沢,
000064.jpg,洗練された美しさに合う味,気品ある装いに寄り添う味,凛とした佇まいに合う贅沢,
000065.jpg,大人の余裕に合う澄んだ味,落ち着いた心に染みる甘み,こだわり抜いた贅沢な満足,
000066.jpg,粋な装いに合う澄んだ味,余裕ある大人の落ち着く味,自信に満ちた贅沢な一杯,
000067.jpg,編み込みに合う澄んだ味,真剣な心に染みる甘み,作業着に似合う満足感,
000068.jpg,品格漂う澄んだ味わいを,淑やかな心に染みる味,紳士の休息に贅沢な一杯,
000069.jpg,静寂に溶ける澄んだ味わい,穏やかな心を満たす甘み,控えめな日々に贅沢な満足,
000070.jpg,華やかな日に合う澄んだ味,軽やかな足取りに合う一杯,個性を彩る贅沢な満足感を,
000071.jpg,洗練された味をあなたに,芯のあるあなたへ優しく,個性が光る贅沢な一皿,
000072.jpg,清楚な装いに合う澄んだ味,上品な心を満たす優しい味,凛とした美しさに合う贅沢,
000073.jpg,洗練された味をシンプルに,穏やかな心に染みる温もり,都会的な日常に贅沢な一杯,
000074.jpg,都会的な私に合う澄んだ味,シックな装いに合う温もり,凛とした私への贅沢な一杯,
000075.jpg,洗練された味で心を満たす,粋な大人が選ぶ至福の一杯,黒い装いに似合う贅沢な味,
000076.jpg,知的で穏やかな一杯を,端正な装いに合う味を,落ち着いた大人の贅沢を,
000077.jpg,洗練された身軽な一杯を,華やかな笑顔に合う温もり,都会的な装いに贅沢な味,
000078.jpg,情熱を込めて啜る一杯,心ゆくまで叫ぶ旨さ,力強く頬張る至福の味,
000079.jpg,陽気な気分に合う澄んだ味,華やかな笑顔に合う甘い味,活動的な日に合う贅沢な味,
000080.jpg,凛とした心に澄み渡る味,静寂に寄り添う温もりを,揺るがぬ意志を支える力,
000081.jpg,澄んだ笑顔に合う淡い味,凛とした姿に優しい出汁,芯ある強さに満ちる満足,
000082.jpg,洗練されたあなたに合う味,都会的な日常に寄り添う味,輝く個性を満たす贅沢な味,
000083.jpg,澄んだ笑顔に合う軽やかさ,彩り鮮やかな日々に優しく,凛とした佇まいに満ちる幸,
000084.jpg,洗練された味で心を満たす,大人の余裕に合う優しい味,仕事終わりの贅沢なご褒美,
000085.jpg,洗練された味をあなたに,大人の余裕に合う一杯,都会的な贅沢を味わう,
000086.jpg,鋭い視線に合う澄んだ味,静かな情熱を包む甘み,ストイックに満たす充足感,
000087.jpg,芯から整う澄んだ味わい,心まで解ける柔らかな時,強さを養う贅沢な満足感,
000088.jpg,洗練された味で心も軽く,上品な甘みが笑顔を誘う,凛とした日々に贅沢な一杯,
000089.jpg,粋な装いに合う澄んだ味,品格漂う大人の優しい味,こだわり派に贈る贅沢な味,
000090.jpg,花柄に合う澄んだ味わいを,軽やかな心に優しい出汁を,華やかな日に贅沢な満足を,
000091.jpg,洗練された塩味で心整う,粋な装いに合う優しい味,自信に満ちた贅沢な満足感,
000092.jpg,澄みわたる味で心洗われる,ふっくら甘い休息をどうぞ,ガッツリ食べて明日へ挑め,
000093.jpg,芯から染みる澄んだ味わい,心ほどける出汁の温もり,気概を満たす贅沢な一杯,
000094.jpg,誠実な瞳に合う澄んだ味,品格漂う大人の落ち着き,凛とした佇まいに満たす力,
000095.jpg,大人の余裕に合う澄んだ味,軽やかな装いに合う出汁,社交的な笑顔に合う満足感,
000096.jpg,洗練された味で心を満たす,穏やかな時に浸る優しい味,凛とした姿に合う贅沢な味,
000097.jpg,洗練された身に澄む味わい,品格漂う温もりを添えて,都会的な贅沢を頬張る,
000098.jpg,洗練された美しさに合う味,気品ある佇まいに寄り添う,自信に満ちた心を満たす味,
000099.jpg,洗練された味で心ほどける,上品な甘みが体に染みる,贅沢な満足感で明日へ繋ぐ,
000100.jpg,洗練された一杯で心整う,大人の余裕に合う優しい味,都会的な贅沢を頬張る時,
000101.jpg,洗練された私に合う一杯,上品な装いに寄り添う味,凛とした私へのご褒美に,
000102.jpg,粋な大人の澄みわたる味,こだわり抜いた至福の時,鍛えた体に満ちる満足感,
000103.jpg,都会に馴染む澄んだ味わい,装いに合う上品な温もり,洗練された一日の贅沢に,
000104.jpg,鍛えた体に染みる澄んだ味,明るい笑顔に合う優しい味,筋肉を支える贅沢な満足感,
000105.jpg,黒の装いに澄んだ味わいを,静寂に寄り添う温もりを,芯から満たす贅沢な時間を,
000106.jpg,洗練された身軽な一杯を,心ほどける大人の休息を,都会を歩く活力の源を,
000107.jpg,個性を研ぎ澄ます澄んだ味,芯のある私に合う優しい味,こだわり抜く私へのご褒美,
000108.jpg,洗練された味で心を満たす,都会的な休息をあなたに,隙のない贅沢なひとときを,
000109.jpg,大人の余裕を味わう一杯,寄り添う心温まる贅沢,こだわり抜いた贅沢な味,
000110.jpg,洗練された味に浸る贅沢,凛とした心を満たす温もり,自信に満ちた贅沢な充足感,
000111.jpg,洗練された心に澄み渡る味,気品あるあなたへ温もりを,自信に満ちた日々に贅沢を,
000112.jpg,静寂を纏う澄んだ味わい,端正な心を満たす温もり,鍛えた体に力強い充足を,
000113.jpg,黒い装いに澄み渡る味を,静寂に寄り添う温もりを,孤高の心を満たす贅沢を,
000114.jpg,澄んだ心に合う透明感,上品に嗜む大人の贅沢,凛とした美しさに満ちる,
000115.jpg,華やぐ装いに澄んだ一杯を,買い物の後は心ほどける味,都会の午後に贅沢なご褒美,
000116.jpg,心温まる優しい味わいを,控えめな心に寄り添う味,家族で囲む満足の一杯,
000117.jpg,澄んだ心に優しい味わいを,控えめな日々に温もりを,小さな背中へ力強い味を,
000118.jpg,真っ直ぐな視線に合う味,真剣な心を満たす一杯,全力で漕いだ後のご褒美,
000119.jpg,洗練された美しさに合う味,上品な装いに寄り添う一杯,凛とした佇まいに満たす幸,
000120.jpg,知的で洗練された一杯を,落ち着いた大人の味わい,こだわりを堪能する贅沢,
000121.jpg,澄んだ心に合う淡い味わい,静寂に寄り添う温かな味,凛とした姿に満ちる活力,
000122.jpg,硬派な心に澄みわたる味,渋い男が選ぶ至福の一杯,強靭な体に満ちる満足感,
000123.jpg,洗練された味で心ほどける,温もり包んでリラックス,贅沢な気分で満たされて,
000124.jpg,凛とした美しさに合う一杯,自信を纏う大人の休息を,洗練された日々に贅沢を,
000125.jpg,鋭い感性に澄み渡る一杯,粋な装いに合う温もりを,こだわり抜いた贅沢な味,
000126.jpg,澄んだ心に合う一杯を,渋い大人の落ち着く味,力強い体に満たす贅沢,
000127.jpg,洗練された味で心身を整え,落ち着いた品格に合う一杯,鍛えた体に贅沢な充足感を,
000128.jpg,個性を彩る澄んだ味わいを,自由な装いに合う優しい味,こだわり抜く贅沢な満足感,
000129.jpg,凛とした心に澄みわたる味,静かな時に寄り添う温もり,芯ある強さを支える贅沢,
000130.jpg,穏やかな心に染みる味,温もり包む優しいひと時,心満たす贅沢な満足感,
000131.jpg,穏やかな心に合う澄んだ味,大人の余裕を包む優しい味,社交的な日を祝う贅沢な味,
000132.jpg,洗練された大人の粋な味,余裕ある心に染みる出汁,自信を支える至高の贅沢,
000133.jpg,凛とした心に澄み渡る味,品格漂う大人の贅沢な一杯,鍛えた体に満ちる充足感,
000134.jpg,知的な感性に澄み渡る味,こだわり抜いた静かな贅沢,個性を満たす力強い満足感,
000135.jpg,快活な笑顔に合う澄んだ味,陽気に楽しむ出汁の香り,賑やかな心を満たす満足感,
000136.jpg,紅い唇に似合う澄んだ味,洗練された冬の温もりを,都会的な私に贅沢な一杯,
000137.jpg,洗練された美しさに合う味,芸術的な感性を満たす一杯,真剣な眼差しに合う満足感,
000138.jpg,洗練された美しさに合う味,芸術的な感性を満たす一杯,真剣な眼差しに合う贅沢を,
000139.jpg,鋭い感性に澄み切った味を,硬派な心に染みる温もりを,鍛えた体に満ちる充足感を,
000140.jpg,大人の余裕に合う澄んだ味,落ち着いた心に染みる出汁,仕事帰りに贅沢な満足感を,
000141.jpg,洗練された味に浸る贅沢,静かな時間に寄り添う味,都会的な心を満たす満足,
000142.jpg,洗練された粋な味わいを,華やかな装いに合う逸品,風格漂う贅沢な満足感を,
000143.jpg,洗練された味をあなたに,華やかな装いに合う一杯,品格漂う贅沢な味わい,
000144.jpg,洗練された二人へ贈る一杯,寄り添う心に優しい味わい,鍛えた体に贅沢な満足感を,
000145.jpg,彩り豊かな心に合う味,自由な感性を満たす一杯,個性が光る贅沢な満足感,
000146.jpg,洗練された味で心を満たす,華やかな日に似合う逸品,自信に満ちた贅沢な時間,
000147.jpg,華やかな日に澄み渡る味,彩る装いに合う上品さ,自信に満ちた贅沢な一品,
000148.jpg,知的で澄み渡る一杯を,静寂に寄り添う温もりを,芯から満たす贅沢な味を,
000149.jpg,自由な感性に合う澄んだ味,軽快な足取りに寄り添う味,自信に満ちた心を満たす味,
000150.jpg,洗練された味に心満たされ,彩り豊かな日常に寄り添う,自信ある私に合う贅沢を,
000151.jpg,洗練された心に澄み渡る味,静かな思考を包む温もり,凛とした日々に贅沢な満足,
000152.jpg,凛とした心に澄み渡る味,風格ある日に温もりを添え,自信を支える贅沢な満足感,
000153.jpg,澄み渡る美しさをその身に,華やかな彩りを心に添えて,凛とした強さを力に変えて,
000154.jpg,洗練された大人の澄んだ味,彩りを添える上品な一杯,余裕ある心を満たす贅沢,
000155.jpg,心まで澄み渡る至福の味,ほっこり心温まる贅沢を,力強く明日へ突き進め,
000156.jpg,心ほどける優しい味わい,ほっこり温まる至福の時,力強く満たされる満足感,
000157.jpg,洗練された身に澄み渡る味,上品な装いに合う優しい味,凛とした美しさに満ちる力,
000158.jpg,洗練された粋な味わいを,大人の余裕に合う逸品を,鍛えた体に贅沢なご褒美,
000159.jpg,澄んだ心に合う透明な味,凛とした佇まいに優しい色,こだわり抜いた至高の一杯,
000160.jpg,知的な瞳に合う澄んだ味,凛とした姿に優しい出汁,自信に満ちた心を満たす味,
000161.jpg,洗練された美しさに合う味,凛とした佇まいに寄り添う,気品ある日々に贅沢な一杯,
000162.jpg,知的な休息に澄んだ一杯を,穏やかな心に優しい出汁を,真剣な日々に贅沢な満足を,
000163.jpg,洗練された美しさに合う味,気品漂う装いに寄り添う味,華やかな風格を彩る贅沢を,
000164.jpg,洗練された味で心解き放つ,上品なひとときをあなたに,充実した一日に贅沢な一杯,
000165.jpg,凛とした心に澄み渡る味,静寂に寄り添う温もりを,鍛えた体に満ちる充足感,
000166.jpg,凛とした心に澄み渡る味,静寂に寄り添う温もりを,気高き日々に贅沢な充足,
000167.jpg,鋭い感性に澄み渡る味,個性を彩る優しい出汁,芯のある体に満ちる糧,
000168.jpg,洗練された味で心を満たす,落ち着いた時に浸る温もり,都会的な感性に響く贅沢,
000169.jpg,華やかな日に合う澄んだ味,上品な装いに優しい出汁を,輝く笑顔に心満たす贅沢を,
000170.jpg,洗練された味で心も軽く,優しい笑顔に合う温もり,都会の歩みに贅沢な満足,
000171.jpg,洗練された味をスマートに,品格漂う大人の選択を,自信に満ちた贅沢な一杯,
000172.jpg,真面目な心に澄み渡る味,落ち着いたひとときを今,気概を支える贅沢な一杯,
000173.jpg,洗練された味で心を満たす,大人の余裕に合う優しい味,こだわり抜いた贅沢な一杯,
000174.jpg,洗練された味を静かに嗜む,黒に馴染む温もりを添えて,鋭い感性を満たす贅沢を,
000175.jpg,洗練された白の贅沢を,凛とした心に甘い休息,黒い装いに似合う充足,
000176.jpg,研ぎ澄まされた純白の味,凛とした佇まいに合う甘み,自信を支える至高の充足感,
000177.jpg,洗練された味をシンプルに,大人の余裕を包み込む味,こだわり抜いた贅沢な一杯,
000178.jpg,鍛えた体に染みる塩味,粋な装いに合う出汁の味,筋肉を支える贅沢な満足,
000179.jpg,洗練された味で心整える,凛とした姿に合う温もり,鍛えた体に贅沢な充足を,
000180.jpg,澄んだ心に合う透明感,静寂に寄り添う温もり,芯のある君に贅沢な一杯,
000181.jpg,ピンクの手袋に合う透明感,華やかな装いに優しい出汁,洗練された姿に贅沢な満足,
000182.jpg,洗練された味で心を満たす,凛とした君に合う温もりを,鍛えた体に贅沢な充足感を,
000183.jpg,穏やかな心に合う澄んだ味,彩りある日々に優しい出汁,凛とした背筋に贅沢な一杯,
000184.jpg,華やかな日に合う澄んだ味,軽やかに楽しむ上品な一杯,都会的な輝きに満ちる贅沢,
000185.jpg,鋭い眼差しに澄み渡る味,大人の余裕を包む温もり,鍛えた体に満ちる充足感,
000186.jpg,穏やかな心に合う澄んだ味,上品な装いに似合う優しさ,心ほどける贅沢なひととき,
000187.jpg,洗練された心に澄んだ味を,穏やかな時に優しい温もり,都会的な装いに贅沢な満足,
000188.jpg,澄み渡る味で心身を整える,出汁の香りでほっと一息を,贅沢な満足感で活力を補給,
000189.jpg,粋な装いに合う澄んだ味,絆を深める温かな一杯,大人の余裕を満たす贅沢,
000190.jpg,おとなしい味でほっとする,ふっくら甘いごほうびに,元気いっぱいもりもりと,
000191.jpg,洗練された大人の澄んだ味,落ち着いた心に染みる出汁,仕事終わりの贅沢な充足感,
000192.jpg,クールな私に合う澄んだ味,落ち着いた心に染みる甘み,凛とした姿に満ちる活力,
000193.jpg,洗練された味で心を満たす,落ち着いた時間と温もりを,都会的な感性に合う贅沢を,
000194.jpg,洗練された心に澄んだ一杯,穏やかな微笑みに温もりを,都会的な装いに贅沢な満足,
000195.jpg,洗練された味で心整える,彩りある日々に優しい味,こだわり抜いた贅沢な一杯,
000196.jpg,洗練された味をシンプルに,粋な装いに合う優しい味,こだわり抜いた贅沢な一杯,
000197.jpg,洗練された美しさに合う味,気品ある装いに寄り添う味,凛とした佇まいに合う贅沢,
000198.jpg,澄んだ瞳に合う透明感,穏やかな心に染みる味,真剣な眼差しに満たす力,
000199.jpg,華やかな紅に合う澄んだ味,彩り映える心温まる一杯,個性を引き立てる贅沢な味,
000200.jpg,凛とした美しさに澄み渡る味,気品ある歩みに寄り添う温もり,自信に満ちた心を満たす贅沢,length_not_8_12 | 凛とした美しさに澄み渡る味\n気品ある歩みに寄り添う温もり\n自信に満ちた心を満たす贅沢
000201.jpg,洗練された装いに合う味,赤いスカーフに似合う彩り,都会的な日常に贅沢な一杯,
000202.jpg,澄んだ笑顔に合う透明感,柔らかな心に染みる味,凛とした姿に合う満足感,
000203.jpg,色彩豊かな日に澄んだ一杯,彩る装いに合う優しい味,凛とした心を満たす贅沢を,
000204.jpg,品格漂う澄んだ味わいを,穏やかな時に寄り添う味,凛とした心を満たす贅沢,
000205.jpg,粋な装いに合う澄んだ味,大人の余裕に浸る甘み,こだわりを満たす贅沢感,
000206.jpg,澄んだ瞳に合う優しい味,真面目な心を満たす甘み,小さな体に力強い満足感,
000207.jpg,こだわり抜く大人の味に,落ち着いた心を満たす一杯,芯のある男にふさわしい量,
000208.jpg,粋な装いに合う澄んだ味,大人の余裕を包む甘み,隙のない男に似合う贅沢,
000209.jpg,洗練された味で心を満たす,落ち着いた大人の贅沢な時,堂々とした自信に満ちる味,
000210.jpg,身軽に整える澄んだ一杯,凛とした心に染みる出汁,鍛えた体に満たす活力源,
000211.jpg,洗練された味で心身を整え,落ち着いたひとときを堪能,都会的な風格に合う贅沢を,
000212.jpg,洗練された味を日常に,芯あるあなたに合う一杯,大胆な心を満たす贅沢,
000213.jpg,誠実な心に染みる澄んだ味,落ち着いた大人の贅沢な時,自信に満ちた力強い満足感,
000214.jpg,知的な休息に澄んだ一杯を,渋い佇まいに合う温もりを,こだわり派に贈る贅沢な味,
000215.jpg,洗練された美しさに合う味,凛とした佇まいに寄り添う,自信に満ちた心を満たす味,
000216.jpg,洗練された粋な味わいを,心温まる優しいひととき,華やかな気分を満たす味,
000217.jpg,洗練された味で心満たして,上品な温もりを分かち合う,華やかな気分で贅沢な一杯,
000218.jpg,清潔感に合う澄んだ味わい,余裕あるひと時に優しい味,洗練された体に力強い満足,
000219.jpg,洗練された澄みわたる味,凛とした佇まいに合う一杯,鍛えた体に満ちる充足感,
000220.jpg,洗練された澄み渡る味わい,凛とした佇まいに合う逸品,妥協なき美しさと充足感を,
000221.jpg,華やかな装いに合う淡い味,彩りある日々に優しい出汁,都会的な私への贅沢ご褒美,
000222.jpg,知的な瞳に澄み渡る味,気品ある装いに合う温もり,洗練された心を満たす贅沢,
000223.jpg,洗練された大人の澄んだ味,品格漂う静かなる贅沢,凛とした佇まいに合う充足,
000224.jpg,鋭い感性に澄み渡る味を,芯から温まる休息のひと時,鍛えた体に満ちる満足感を,
000225.jpg,凛とした心に澄み渡る味,品格漂う温もりを添えて,堂々たる風格に合う贅沢,
000226.jpg,凛とした心に澄み渡る味,真剣な日々に贅沢な充足を,穏やかな時に寄り添う温もり,length_not_8_12 | 凛とした心に澄み渡る味\n穏やかな時に寄り添う温もり\n真剣な日々に贅沢な充足を
000227.jpg,凛とした心に澄み渡る味,誠実な日々に温もりを,信念を支える力強い一杯,
000228.jpg,澄んだ心に合う淡い味わい,心ほどける温かなひととき,日々の活力湧く贅沢な一品,
000229.jpg,澄んだ心に合う優しい味,静かな時に寄り添う温もり,内なる充足を満たす贅沢を,
000230.jpg,威厳ある一杯で心洗われる,堂々たる風格に合う深い味,信念を貫く男の贅沢な盛り,
000231.jpg,穏やかな心に染みる味,手ぬぐいの心に合う一杯,誠実な日々に贅沢な満足,
000232.jpg,洗練された味を堪能する,落ち着いた贅沢なひととき,隙のない充足感をあなたに,
000233.jpg,軽やかな笑顔に合う澄んだ味,華やかな装いに優しい出汁を,洗練された姿に贅沢な満足を,length_not_8_12 | 軽やかな笑顔に合う澄んだ味\n華やかな装いに優しい出汁を\n洗練された姿に贅沢な満足を
000234.jpg,洗練された私へのご褒美,華やかな装いに合う逸品,都会的な私を満たす味,
000235.jpg,澄んだ心に合う淡い味,ふわりほどける優しい時,心を満たす贅沢な満足感,
000236.jpg,粋な男に合う澄んだ味わい,大人の余裕を包む甘い味,鍛えた体に満ちる力強い味,
000237.jpg,黒の装いに合う澄んだ味,巻き毛に似合う柔らかな味,洗練された姿に贅沢な味,
000238.jpg,静寂に浸る澄んだ味わい,落ち着いた心に温もりを,大人の余裕を満たす贅沢,
000239.jpg,洗練された味で心を満たす,静かな時間に染み渡る味,鍛えた体に贅沢な充足感,
000240.jpg,穏やかな時に浸る優しい味,華やかな装いに合う澄んだ味,彩りある日々に贅沢な満足を,length_not_8_12 | 華やかな装いに合う澄んだ味\n穏やかな時に浸る優しい味\n彩りある日々に贅沢な満足を
000241.jpg,心洗われる澄んだ味わい,穏やかな時に寄り添う味,優雅な心を満たす贅沢を,
000242.jpg,澄んだ心に合う透明な味,静寂に寄り添う温もりを,芯のあるあなたに贅沢を,
000243.jpg,知的な刺激に合う澄んだ味,都会的な装いに合う温もり,真剣な眼差しに合う満足感,
000244.jpg,自信溢れる笑顔に合う味,粋な装いに似合う逸品,余裕ある大人の贅沢飯,
000245.jpg,粋な装いに合う澄んだ味,風格漂う大人の贅沢な一杯,堂々たる心を満たす満足感,
000246.jpg,洗練された味で心整える,落ち着いた時に染みる味,真剣な日を締め括る贅沢,
000247.jpg,洗練された味で心を満たす,穏やかなひとときを添えて,凛とした美しさに合う贅沢,
000248.jpg,知的な休息に澄んだ一杯を,品格漂う大人の優しい味,こだわりを持つ方に贅沢を,
000249.jpg,大人の余裕に合う澄んだ味,知的で落ち着いた温もりを,信頼感にふさわしい満足感,
000250.jpg,芯から温まる澄んだ味わい,心まで解ける優しい甘み,強靭な体に満たす満足感,
000251.jpg,澄んだ心に合う優しい味,軽やかな歩みに寄り添う味,上品な装いに合う贅沢な味,
000252.jpg,明るい笑顔に合う澄んだ味,遊び心ある彩りに寄り添う,洗練された装いに贅沢を,
000253.jpg,個性を彩る澄んだ味わい,静寂に寄り添う温もりを,こだわり抜いた贅沢な一杯,
000254.jpg,洗練された大人の澄んだ味,穏やかな午後に浸る出汁,余裕ある心を満たす贅沢,
000255.jpg,澄んだ心身へ、至福の一杯,芯から温まる、大人の休息,力強い体に、贅沢な満足感,
000256.jpg,品格漂う澄み切った味わい,穏やかな時に合う優しい味,余裕ある大人の贅沢な一杯,
000257.jpg,大人の余裕に合う澄んだ味,落ち着いた心を満たす甘み,肩幅に似合う贅沢な満足感,
000258.jpg,花柄に似合う澄んだ味わい,個性を彩る優しいひととき,活動的な日に贅沢な満足を,
000259.jpg,洗練された味で心身を整え,落ち着いた品格に合う一杯,真剣な眼差しに満たす活力,
000260.jpg,凛とした心に澄みわたる味,落ち着いた時に染みる出汁,風格ある体に力強い満足感,
000261.jpg,静寂に溶ける澄んだ味わい,心まで温める優しい甘み,孤独を満たす贅沢な満足感,
000262.jpg,澄んだ心に合う淡い味わい,大人の余裕に寄り添う出汁,心満たす贅沢なひとときを,
000263.jpg,静寂を纏う心に澄み渡る味,孤独な旅路を温める甘み,寡黙な心を満たす至福の肉,
000264.jpg,知的な眼差しに澄んだ一杯,こだわり派へ贈る出汁の味,真面目な心を満たす贅沢を,
000265.jpg,爽やかに心まで満たされて,軽やかな気分で味わう贅沢,鍛えた体に嬉しい満足感,
000266.jpg,鍛えた体に染みる塩味,軽やかな装いに合う味,二人の笑顔弾む満足感,
000267.jpg,自由な感性に合う澄んだ味,軽やかな装いに似合う出汁,個性が光る贅沢な満足感,
000268.jpg,大人の余裕に合う澄んだ味,穏やかな午後に沁みる出汁,心満たす贅沢な満足感を,
000269.jpg,品格漂う澄んだ味わいを,落ち着いた心に温もりを,余裕ある日に贅沢な一杯,
000270.jpg,穏やかな心に澄みわたる味,優しい色合いに包まれて,心まで満たされる贅沢感,
000271.jpg,洗練された味で心整える,落ち着いた時に浸る温もり,都会的な気品に合う贅沢,
000272.jpg,洗練された味で心を満たす,静寂に寄り添う優しい味,凛とした日々に贅沢な一杯,
000273.jpg,華やかな装いに澄んだ一杯,品格ある装いに優しい味,都会的な装いに贅沢な満足,
000274.jpg,軽やかな走りに合う一杯,心ほどける温かな休息を,活力満ちる贅沢なご馳走,
000275.jpg,洗練された味で心ほどける,上品なひとときをあなたに,凛とした日々に贅沢な一杯,
000276.jpg,洗練された澄み渡る味わい,華やかな色彩に合う優しさ,凛とした佇まいに満たす力,
000277.jpg,洗練された味で心整える,黒い装いに合う優しい味,都会の喧騒を忘れる贅沢,
000278.jpg,澄んだ心に合う優しい味,温もり包む心地よい時間,心満たす贅沢なひととき,
000279.jpg,仕事の合間に心身を整えて,颯爽と歩むあなたへ贅沢を,真剣な議論の後のご褒美に,
000280.jpg,澄んだ心に合う清らかな味,静寂に寄り添う優しい風味,凛とした日々に満ちる贅沢,
000281.jpg,リボンに似合う澄んだ味,街歩きに合う優しい出汁,個性を彩る贅沢な満足感,
000282.jpg,リボンに似合う澄んだ味,チェック柄に合う温もり,リュックに合う満足感,
000283.jpg,粋な装いに合う澄んだ味,大人の余裕を包む出汁の香,こだわり抜いた贅沢な満足,
000284.jpg,元気いっぱい、さっぱりと,お帽子に合う、ふっくら味,自信満々に、ガッツリ食え,
000285.jpg,洗練された美しさに合う味,大人の余裕を彩る一杯,都会的な装いに合う贅沢,
000286.jpg,凛とした美しさに合う味,気品漂う贅沢なひととき,自信に満ちた至福の満足,
000287.jpg,洗練されたあなたに合う味,黒い装いに似合う上品さ,知的で凛とした心を満たす,
000288.jpg,彩り豊かな日々に合う味,穏やかな心に染みる一杯,華やかな装いに贅沢な品,
000289.jpg,洗練された味に浸る時間,大人の余裕を味わう一杯,粋な装いに合う贅沢な味,
000290.jpg,軽やかな歩みに合う一杯,洗練された姿に優しい味,都会的な日常に贅沢な一皿,
000291.jpg,鋭い視線に澄み切る一杯,静寂を纏い味わう温もり,鍛えた体に満たす充足感,
000292.jpg,軽やかな心に澄み渡る味,ふんわり笑顔に合う温もり,颯爽と歩く体に満たす幸,
000293.jpg,穏やかな時に合う澄んだ味,心ほどける優しい味わい,余裕ある贅沢な満足感を,
000294.jpg,洗練された味をあなたに,気品あるひとときを,都会的な贅沢を堪能して,
000295.jpg,白く澄んだ心に合う一杯,軽やかな装いに寄り添う味,洗練された日々に贅沢を,
000296.jpg,純白に似合う澄んだ味わい,凛とした姿に甘い休息を,自信を支える贅沢な満足感,
000297.jpg,華やかな色合いに合う味,穏やかな午後に心地よい,心ほどける贅沢なひととき,
000298.jpg,知的な休息に澄んだ一杯を,穏やかな午後に温もりを,洗練された贅沢な充足感,
000299.jpg,気品漂う澄んだ味わいを,静寂に寄り添う優しい味,凛とした姿に贅沢な一杯,
000300.jpg,澄んだ心に合う淡い味わい,ゆったり流れる心地よい時,自由な感性を満たす贅沢を,
000301.jpg,凛とした心に澄み渡る味,粋な装いに合う出汁の香,鍛えた体に満ちる充足感,
000302.jpg,都会的な私に合う澄んだ味,洗練された姿に優しい出汁,華やかな日に贅沢な満足を,
000303.jpg,洗練された味で心整える,都会的な休息をあなたに,仕事の合間に贅沢な充足を,
000304.jpg,澄んだ心に合う軽やかな味,心までほどける優しい時間,余裕ある日に贅沢な満足を,
000305.jpg,透明感に合う澄んだ味わい,凛とした佇まいに優しい味,洗練された姿に贅沢な一杯,
000306.jpg,集中した心に澄み渡る味,知的な休息に優しい出汁,仕事の合間に贅沢な充足,
000307.jpg,洒落た装いに合う澄んだ味,心ほどける優しいひととき,気取らずに頬張る贅沢な時,
000308.jpg,洗練された軽やかな味わい,彩りに合う優しい温もり,都会的な気分で満たされる,
000309.jpg,静寂に浸る澄んだ味わい,落ち着いた心に温もりを,内に秘めた情熱を満たす,
000310.jpg,洗練された透明感を纏って,凛とした佇まいに合う味,自信に満ちた贅沢な選択,
000311.jpg,凛とした心に澄み渡る味,静かな午後に温もり添えて,都会の歩みに力強い贅沢,
000312.jpg,凛とした心に澄み渡る味,こだわり抜いた至福の甘み,妥協なき情熱を満たす贅沢,
000313.jpg,澄んだ心に合う淡い味わい,静寂に寄り添う温かな味,凛とした日々に贅沢な一杯,
000314.jpg,モノトーンに合う澄んだ味,甘い誘惑に心ほどける時,芯のある贅沢をあなたに,
000315.jpg,澄んだ心に合う透明な味,穏やかな時に浸る出汁の香,広い肩に似合う贅沢な満足,
000316.jpg,知的な休息に澄んだ一杯を,大人の余裕に浸る出汁の味,こだわりを満たす贅沢な飯,
000317.jpg,穏やかな心に合う澄んだ味,リラックスして味わう出汁,余裕ある午後に贅沢な一杯,
000318.jpg,軽やかな心に合う澄んだ味,上品な装いに寄り添う出汁,華やかな日々に贅沢な満足,
000319.jpg,洗練された美しさに合う味,大人の余裕を彩る一杯を,凛とした姿に似合う贅沢,
000320.jpg,澄んだ心に合う透明感,優しい笑顔に似合う味,洗練された姿に贅沢を,
000321.jpg,洗練された一杯で心解ける,上品なひとときをあなたに,都会的な贅沢をその一皿に,
000322.jpg,品格漂う澄み切った味わい,大人の余裕に合う優しい味,充実した一日に贅沢な一杯,
000323.jpg,凛とした美しさに合う一杯,洗練された姿に寄り添う味,芯ある強さを支える贅沢,
000324.jpg,静寂に浸る澄んだ味わいを,心まで解ける温もりを,腹を満たして前へ進もう,
000325.jpg,洗練された美しさに合う味,凛とした佇まいに寄り添う,自信溢れる私へのご褒美,
000326.jpg,凛とした心に澄み渡る味,上品な装いに合う優しい味,洗練された日に贅沢な満足,
000327.jpg,洗練された美しさを纏う味,凛とした佇まいに合う一杯,都会的な気品を彩る贅沢,
000328.jpg,凛とした瞳に合う澄んだ味,紅い花に寄り添う優しい味,芯ある強さに満ちる贅沢味,
000329.jpg,黒い装いに合う澄んだ味,穏やかな微笑みに寄り添う,広い肩にふさわしい満足感,
000330.jpg,大人の余裕に合う澄んだ味,心ほどける優しいひととき,活動的な日に贅沢な満足を,
000331.jpg,澄んだ心に合う淡い味わい,落ち着いた時に沁みる出汁,風格ある体に満ちる満足感,
000332.jpg,澄んだ心に合う優しい味,彩る日々に寄り添う温もり,軽やかな歩みに贅沢な一杯,
000333.jpg,軽やかな心に澄んだ味わい,柔らかな笑顔に合う甘み,都会を歩く活力の一杯,
000334.jpg,洗練された味で心を満たす,上品な彩りと優しい味わい,華やかな装いに合う贅沢を,
000335.jpg,洗練された輝きに合う一杯,都会的な装いに寄り添う味,個性が光る贅沢なひととき,
000336.jpg,洗練された味で心潤す,上品な彩りと優しい味,華やかな装いに合う贅沢,
000337.jpg,粋な大人の澄んだ味わい,落ち着いた心に染みる味,こだわり抜いた贅沢な一杯,
000338.jpg,洗練された粋な味わいを,心ほどける優しいひととき,気品ある贅沢な満足感を,
000339.jpg,凛とした姿に合う澄んだ味,柔らかな色合いに寄り添う,芯のある強さに満ちる一杯,
000340.jpg,洗練された味をあなたに,都会的な日常に温もりを,凛とした姿に合う贅沢を,
000341.jpg,鋭い視線に合う澄んだ味,個性を引き立てる甘い誘惑,大胆な装いに似合う贅沢感,
000342.jpg,洗練された味で心を満たす,余裕あるひと時に温もりを,都会的な贅沢を頬張る時,
000343.jpg,凛とした心に澄み渡る味,知的な休息に優しい甘み,前向きな一日に力強い彩り,
000344.jpg,鋭い感性に澄み渡る味,凛とした心に温もりを,妥協なき日に贅沢な一杯,
000345.jpg,鋭い眼差しに合う澄んだ味,芯のあるあなたに優しい味,大胆なスタイルに合う贅沢,
000346.jpg,寄り添う心に染みる味,温もり分かち合うひととき,二人で味わう至福の贅沢,
000347.jpg,旅の疲れを癒やす澄んだ味,こだわり派に合う出汁の香,集中した心を満たす贅沢,
000348.jpg,澄んだ心に合う優しい味,穏やかな時に浸る温もり,粋な装いに似合う贅沢を,
000349.jpg,上品な装いに合う優しい味,華やかな日々に澄んだ一杯を,洗練された心を満たす贅沢を,length_not_8_12 | 華やかな日々に澄んだ一杯を\n上品な装いに合う優しい味\n洗練された心を満たす贅沢を
000350.jpg,鋭い視線に合う澄んだ味,自信に満ちた心に染みる味,隙のない日々に贅沢な一品,
000351.jpg,粋な装いに合う澄んだ味,風格ある方に優しい出汁,貫いた矜持を満たす贅沢,
000352.jpg,凛とした心に澄み渡る味,品格ある一杯を静かに,信念を支える贅沢な量,
000353.jpg,洗練された味をあなたに,上品なひとときを添えて,都会的な贅沢を心ゆくまで,
000354.jpg,白フリルに似合う澄んだ味,軽やかな装いに優しい出汁,自転車の旅に心満たす贅沢,
000355.jpg,仕事帰りに心ほどける味,大人の余裕に合う優しい味,贅沢なひとときを頬張る,
000356.jpg,穏やかな会話に合う一杯,大人の余裕を味わう一杯,落ち着いたひとときに贅沢,
000357.jpg,洗練された大人の澄んだ味,上品な装いに合う優しい味,都会的な日常に贅沢な満足,
000358.jpg,洗練された味に浸る贅沢,静寂に寄り添う優しい味,凛とした心を満たす贅沢,
000359.jpg,洗練された味で心を満たす,穏やかな時に合う優しい味,凛とした日々に贅沢な一杯,
000360.jpg,都会的な粋を味わう一杯,軽やかな心を満たす味,こだわり派に贈る贅沢,
000361.jpg,凛とした美しさに合う味,気高き装いに寄り添う色,自信に満ちた心を満たす,
000362.jpg,黒い装いに澄み渡る味,大人の余裕に合う温もり,洗練された身に満ちる力,
000363.jpg,粋な装いに合う澄んだ味,心まで解ける温かな一杯,こだわり派に贈る贅沢な味,
000364.jpg,旅の疲れを癒やす澄んだ味,心まで温まる優しいひと時,活力満ちる贅沢なご褒美を,
000365.jpg,洗練された味で心も軽く,上品な装いに合う優しい味,都会的な美しさに満ちる力,
000366.jpg,心身を癒やす澄んだ一杯,染み渡る出汁の温もり,疲れを吹き飛ばす贅沢感,
000367.jpg,上品な白さに合う澄んだ味,穏やかな心を満たす甘み,凛とした姿に合う満足感,
000368.jpg,洗練された味を軽やかに,上品な彩りに合う優しさ,華やかな装いに贅沢な一杯,
000369.jpg,洗練された味で心整える,品格漂う出汁の贅沢時間,鍛えた体に満ちる充足感,
000370.jpg,洗練された身に澄む味わい,凛とした心に優しい温もり,鍛えた体に満ちる充足感,
000371.jpg,洗練された粋な味わいを,都会的な淑女の休息に,凛とした品格ある贅沢を,
000372.jpg,凛とした心に澄み渡る味,真剣な瞳に染みる温もり,仕事の合間に満ちる充足感,
000373.jpg,鋭い眼差しに澄み切る味,静寂を纏う心に温もりを,揺るぎない意志を力に変え,
000374.jpg,澄み切った心に染みる味,温もりを纏い心解かす,真っ直ぐな心を満たす味,
000375.jpg,洗練された澄み渡る味わい,気品漂う優美なひととき,自信に満ちた至高の満足感,
000376.jpg,気品漂う澄んだ味わいを,洗練された心に温もりを,贅沢な装いに合う満足感,
000377.jpg,粋な装いに合う澄んだ味,こだわり抜いた大人の一杯,気概に応える贅沢な満足感,
000378.jpg,洗練された粋な味わいを,渋い大人の落ち着く味,筋骨逞しい体に満たす,
000379.jpg,洗練された身なりに合う味,余裕ある大人の休息に,凛とした佇まいに満たす,
000380.jpg,洗練された美しさに合う味,凛とした姿に寄り添う贅沢,自信溢れる私へのご褒美,
000381.jpg,自信に満ちた体に染みる味,余裕ある心を満たす温もり,たくましい肩に合う贅沢飯,
000382.jpg,洗練された味で心を満たす,端正な身なりに合う上品さ,隙のない贅沢をその一杯に,
000383.jpg,澄んだ心に合う透明な味,穏やかな時に浸る出汁の香,真剣な日々に力強い満足を,
000384.jpg,澄んだ心に合う優しい味,穏やかな時間に温もりを,心ゆくまで満たされる贅沢,
000385.jpg,澄み切った味で心整える,芯から温まる落ち着く味,力強い体へ贅沢な満足感,
000386.jpg,粋な装いに合う澄んだ味,大人の余裕を包む甘い味,鍛えた体に満ちる力強い味,
000387.jpg,洗練された味で心を満たす,気品ある一杯で休息を,自信を支える贅沢な満足,
000388.jpg,凛とした心に澄み渡る味,静かな休息に温もりを,迷いなき歩みに力強い糧,
000389.jpg,上品な装いに合う澄んだ味,心ほどける優しいひととき,華やかな日々に贅沢な満足,
000390.jpg,上品に澄みわたる至福の味,心ほどける優しい温もりを,贅沢に満たされる充足感,
000391.jpg,彩り豊かな一日のご褒美に,軽やかな装いに合う一杯を,華やかな気分で満たされて,
000392.jpg,洗練された一杯をあなたに,穏やかな時に寄り添う味,スマートな贅沢をその手に,
000393.jpg,爽やかな青に合う澄んだ味,穏やかな心に染みる出汁,余裕ある大人の贅沢な一杯,
000394.jpg,軽快な気分で味わう一杯,心弾むひとときに優しい味,二人で分かち合う贅沢な時,
000395.jpg,軽やかな笑顔に合う一杯,心弾む二人に優しい味,お洒落な二人の満足感,
000396.jpg,澄んだ心で、知的な休息を,熟練の味に、心ほどける時,情熱を込めて、贅沢な一杯,
000397.jpg,凛とした心に澄み渡る味,まとめ髪解く安らぎの時,仕事終わりの贅沢なご褒美,
000398.jpg,自信に満ちた粋な味わいを,大人の余裕に合う心地よさ,堂々たる風格に相応しい味,
000399.jpg,笑顔あふれる軽やかな味,心弾む温かなひととき,絆深まる贅沢な満足感,
000400.jpg,洗練された味で心を満たす,品格漂う贅沢なひとときを,自信に満ちた力強い充足感,
000401.jpg,都会的な私に合う澄んだ味,凛とした心に染みる温もり,忙しい日常に贅沢な満足感,
000402.jpg,澄んだ味で心を整えて,温もりで緊張を解きほぐす,力強い味で活力を補給,
000403.jpg,澄んだ味で心もリセット,出汁の香りで緊張を解く,贅沢な満足感で活力を,
000404.jpg,洗練された粋な味わいを,都会的な美しさに合う味,颯爽と歩む大人の贅沢,
000405.jpg,洒落た装いに合う澄んだ味,大人の余裕を包む優しい味,こだわり派に贈る贅沢な味,
000406.jpg,品格漂う澄んだ味わいを,落ち着いた心に染みる味,余裕ある大人の贅沢な一杯,
000407.jpg,洗練された美しさに合う味,凛とした佇まいに寄り添う,自信に満ちた心を満たす品,
000408.jpg,品格漂う澄み切った味わい,落ち着いた大人の深いコク,風格ある贅沢な満足感を,
000409.jpg,洗練された味で心を満たす,静寂の中で味わう贅沢を,自信を支える力強い一杯,
000410.jpg,鋭い視線に合う澄んだ味,凛とした佇まいに甘い彩り,洗練された姿に贅沢な満足,
000411.jpg,集中力を研ぎ澄ます一杯,遊び心を満たす優しい味,鍛えた体に贅沢な満足感,
000412.jpg,洗練された味をクールに,凛とした姿に合う上品さ,自信に満ちた贅沢な一杯,
000413.jpg,澄んだ心に合う清らかな味,お淑やかな日々に優しい味,凛とした姿に似合う贅沢味,
000414.jpg,澄んだ味で心を研ぎ澄ませ,静寂に寄り添う優しい味,個性を満たす贅沢な一杯,
000415.jpg,明るい笑顔に合う澄んだ味,刺繍の彩りに似合う優しさ,軽やかな足取りに合う満足,
000416.jpg,洗練された味で心を満たす,落ち着いた時に染みる味,凛とした日々に贅沢な一杯,
000417.jpg,静寂に溶ける澄んだ味わい,心ほどける優しいひととき,気品ある充足感をあなたに,
000418.jpg,澄み渡る心に合う一杯を,穏やかな時に寄り添う味,背筋を伸ばし贅沢な時間を,
000419.jpg,明るい色に合う澄んだ味,華やかな装いに優しい味,前向きな心を満たす贅沢,
000420.jpg,洗練された味で心を満たす,凛とした姿に合う温もりを,鍛えた体に最高の充足感を,
000421.jpg,澄んだ心に合う優しい味,三つ編みの少女へ温もりを,小さな体に力強い満足感を,
000422.jpg,白ドレスに合う澄んだ味,爽やかな笑顔に似合う味,活動的な日に心満たす味,
000423.jpg,上品なひとときを添えて,心ほどける優しい味わい,華やかな日々に贅沢な一杯,
000424.jpg,華やかな装いに澄んだ一杯,個性を彩る優しい味わい,自信に満ちた贅沢な満足感,
000425.jpg,穏やかな心に染みる味,落ち着いたひと時に贅沢を,余裕ある大人の満足感を,
000426.jpg,洗練された味で心を満たす,都会的なあなたに優しい味,こだわり抜いた贅沢な一品,
000427.jpg,洗練された身軽な一杯を,上品に味わう優しい時間,華やかな日に贅沢な満足を,
000428.jpg,洗練された粋な味わいを,大人の余裕に合う一杯を,白い装いに合う贅沢を,
000429.jpg,澄んだ心に合う淡い味わい,穏やかな時に沁みる出汁,大人の余裕を満たす贅沢,
000430.jpg,穏やかな心に澄んだ一杯を,品格漂う出汁の深い味わい,粋な装いに合う贅沢な味,
000431.jpg,洗練された味をあなたに,粋な装いに合う一杯を,こだわり抜いた贅沢な味,
000432.jpg,都会的な余裕に合う一杯,軽やかな装いに寄り添う味,大人の休日を彩る満足感,
000433.jpg,洗練された味で心を満たす,上品な装いに合う優しい味,自信ある日々に贅沢な一杯,
000434.jpg,澄み渡る心に合う淡い味,静寂に寄り添う温もりを,芯から満たす力強い一杯,
000435.jpg,品格漂う澄んだ味わいを,心和らぐ伝統の贅沢を,凛とした日々に力強い一杯,
000436.jpg,洗練された味で心解ける,優雅なひとときを添えて,華やかな気分を満たす味,
000437.jpg,洗練された味で心を満たす,黒い装いに合う優しい味,凛とした私への贅沢ご褒美,
000438.jpg,渋い男に似合う澄んだ味,大人の余裕を包む温もり,骨太な体に満たす満足感,
000439.jpg,気品漂う澄んだ味わいを,淑やかなひとときのご褒美,凛とした佇まいに合う贅沢,
000440.jpg,華やかな日々に合う澄んだ味,上品な笑顔に似合う優しい味,輝くあなたへ贈る贅沢な一品,length_not_8_12 | 華やかな日々に合う澄んだ味\n上品な笑顔に似合う優しい味\n輝くあなたへ贈る贅沢な一品
000441.jpg,品格漂う澄んだ味わいを,心まで温まる穏やかな時,余裕ある大人の贅沢な一杯,
000442.jpg,洗練された大人の澄んだ味,落ち着いた品格に合う出汁,隙のない装いに満たす贅沢,
000443.jpg,洗練された身軽な味わい,華やかな装いに合う優しさ,都会的な個性を満たす贅沢,
000444.jpg,華やかな心に合う澄んだ味,余裕ある大人に似合う出汁,自信に満ちた贅沢な満足感,
000445.jpg,彩りを纏い心解ける味,優雅なひととき温もりを,華やかな装いに贅沢な一杯,
000446.jpg,洗練された味で心を満たす,都会的な静寂に合う一杯,芯のある強さと贅沢な時,
000447.jpg,凛とした心に澄み渡る味,黒い装いに温もりを添えて,都会を歩く心を満たす贅沢,
000448.jpg,洗練された一杯をあなたに,上品な趣を嗜むひととき,粋な装いに合う贅沢な味,
000449.jpg,洗練された心に澄む味わい,気品あるひとときを優しく,凛とした日々に贅沢な満足,
000450.jpg,凛とした心に澄み渡る味,品格漂う大人の休息に,信念を支える力強い一杯,
000451.jpg,洗練された美しさに合う味,凛とした佇まいに寄り添う,自信に満ちた贅沢なひと時,
000452.jpg,穏やかな心に染みる味,大人の余裕に合う一杯,こだわり派の贅沢な一品,
000453.jpg,大人の余裕に合う澄んだ味,落ち着いた心に染みる出汁,粋な装いに似合う贅沢感,
000454.jpg,澄んだ心に合う一杯を,静寂に寄り添う温もりを,芯から満たす贅沢な味を,
000455.jpg,洗練された白に染まる時,静寂に寄り添う温もりを,凛とした黒に合う贅沢を,
000456.jpg,洗練された味を軽やかに,穏やかなひとときに彩りを,凛とした美しさに満ちる味,
000457.jpg,都会を歩く真剣な味に,知的な休息に合う一杯,情熱的な赤に合う贅沢,
000458.jpg,洗練された一杯で心潤す,穏やかな時に合う優しい味,都会的な美しさに合う贅沢,
000459.jpg,澄んだ心に合う優しい味,日常を彩る温かなひととき,明日への活力を蓄える一杯,
000460.jpg,凛とした心に澄み渡る味,黒い装いに温もりを添えて,芯から満たす贅沢な時間,
000461.jpg,澄んだ心に合う透明な味,上品な装いに優しい出汁,都会的な私への贅沢ご褒美,
000462.jpg,上品な笑顔に合う澄んだ味,心ほどける温かなひととき,華やかな日に贅沢な満足を,
000463.jpg,洗練された味で心を満たす,都会的な感性に合う温もり,エッジの効いた贅沢な一品,
000464.jpg,洗練された身軽な味わい,穏やかな心に染みる温もり,凛とした姿に合う贅沢感,
000465.jpg,澄んだ味で心身を整える,出汁の香りで一息つく,ガッツリ食べて明日へ挑む,
000466.jpg,品格漂う澄んだ味わいを,穏やかな時に合う温もりを,背筋伸びる贅沢な満足感を,
000467.jpg,ストリートな味でリセット,ゆるい時間と出合う一杯,個性を彩るガッツリ飯,
000468.jpg,洗練された身軽な一杯を,穏やかな心に優しい味を,都会的な余裕を力に変えて,
000469.jpg,澄んだ心に合う淡い味わい,ふわり心地よい癒やしの時,心満たす贅沢なご褒美を,
000470.jpg,品格漂う澄んだ味わいを,落ち着いた心に温もりを,洗練された日々に贅沢を,
000471.jpg,澄んだ味で思考を整える,心解きほぐす至福の時,力強い一杯で明日へ挑む,
000472.jpg,澄んだ瞳に合う純粋な味,優雅なひとときに添える彩,自信に満ちた贅沢な充足感,
000473.jpg,知的な休息に澄んだ一杯を,紳士の午後に優しい出汁を,情熱を秘めた贅沢な御馳走,
000474.jpg,都会的な私に合う透明感,軽やかな私に似合う出汁,自由な私を満たす贅沢感,
000475.jpg,澄んだ心に合う優しい味,花柄に寄り添う温もりを,凛とした日々に贅沢な一杯,
000476.jpg,都会的な刺激に合う一杯,洗練された心を満たす味,男らしさを加速させる贅沢,
000477.jpg,大人の余裕に合う澄んだ味,穏やかな心に染みる出汁,こだわり派の贅沢な満足感,
000478.jpg,洗練された味をその身に,粋な心を満たす一杯を,自信を力に変える贅沢,
000479.jpg,洗練された味で心整える,静かなひと時を味わいたい,芯から満たす贅沢な一杯,
000480.jpg,気品漂う澄んだ味わいを,優雅なひと時に甘い彩りを,華やかな姿に贅沢な満足を,
000481.jpg,洗練された粋な味わいを,大人の余裕に合う優しさを,こだわり抜いた贅沢な一杯,
000482.jpg,凛とした心に澄み渡る味,品格漂う大人の休息を,洗練された充足感を今,
000483.jpg,粋な大人の澄んだ味わい,余裕ある心に沁みる味,こだわり抜いた贅沢な一杯,
000484.jpg,粋な装いに合う澄んだ味,落ち着いた心に染みる味,大人の余裕を満たす贅沢,
000485.jpg,粋な二人に合う澄んだ味,大人の余裕を味わう一杯,強い絆を深める贅沢飯,
000486.jpg,華やかな装いに澄んだ味を,粋な格好で心温まる一杯,自信に満ちた贅沢な満足感,
000487.jpg,洗練された体に澄んだ一杯,都会の風に寄り添う温もり,凛とした日々に贅沢な満足,
000488.jpg,澄んだ心に合う透明な味,凛とした姿に優しい出汁を,都会を歩く力強い一皿を,
000489.jpg,洗練された味で心を満たす,静寂に溶け込む優しい味,芯から満たされる贅沢な時,
000490.jpg,都会の休日を彩る一杯,洗練された大人の休息,華やかな午後のご褒美,
000491.jpg,白く澄んだ心に合う一杯,軽やかな歩みに寄り添う味,前向きな日々に贅沢な彩り,
000492.jpg,凛とした心に澄み渡る味,静寂に寄り添う温もりを,芯の強さを満たす贅沢を,
000493.jpg,知的な君に合う澄んだ味,清潔感に寄り添う出汁の香,洗練された身に満たす贅沢,
000494.jpg,洗練された大人の澄んだ味,品格漂う落ち着いた一杯,余裕ある大人の贅沢な満腹,
000495.jpg,澄んだ味わいで心も軽やか,優しい出汁にほっと一息,贅沢な満足感を頬張る喜び,
000496.jpg,澄んだ心に合う純粋な味,静寂に寄り添う温もりを,芯ある自分に贅沢な一杯,
000497.jpg,洗練された大人の澄んだ味,華やかな装いに合う優しさ,凛とした心を満たす贅沢,
000498.jpg,上品な装いに合う澄んだ味,茶色の装いに似合う甘い味,凛とした歩みに合う贅沢味,
000499.jpg,凛とした心に澄み渡る味,静寂を纏うあなたへ贈る,鋭い感性を満たす贅沢を,
000500.jpg,穏やかな午後に合う一杯,心ほどける優しい味わい,充足感に包まれる贅沢を,
000501.jpg,知的な休息に澄んだ一杯を,穏やかな午後に沁みる出汁,大人の余裕を満たす贅沢を,
000502.jpg,静寂に溶ける澄んだ味わい,心ほどける穏やかな温もり,凛とした日々に満ちる活力,
000503.jpg,洗練された身軽な一杯を,凛とした心に温もりを,都会的な私へのご褒美を,
000504.jpg,澄んだ瞳に合う透明な味,知的な装いに似合う温もり,広い肩幅に満ちる満足感,
000505.jpg,澄んだ心に合う優しい味,温もり包む穏やかな時,心満たす贅沢なひととき,
000506.jpg,洗練された澄み切る味わい,凛とした佇まいに合う甘み,大胆な装いに相応しい贅沢,
000507.jpg,洗練された味で心を満たす,静かな時間に染みる温もり,凛とした私へのご褒美を,
000508.jpg,洗練された味をあなたに,迷彩の個性に合う温もり,芯のあるあなたに贅沢を,
000509.jpg,洗練された味を軽やかに,上品な甘みに心ほどける,華やかな日に贅沢な一杯,
000510.jpg,洗練された味で心を満たす,都会的な日常に合う温もり,凛とした姿に似合う贅沢,
000511.jpg,凛とした心に澄み渡る味,気品あるひとときのご褒美,洗練された日々に贅沢を,
000512.jpg,純白のドレスに合う淡い味,可憐な刺繍に添える甘み,気品ある佇まいに贅沢を,
000513.jpg,洗練された味で心を満たす,上品なひとときをあなたに,都会的な贅沢を頬張る幸,
000514.jpg,洗練された身に澄み渡る味,誠実な心を満たす優しい味,仕事終わりの贅沢な充足感,
000515.jpg,凛とした心に澄み渡る味,品格あるひとときに温もり,鍛えた体に満ちる満足感,
000516.jpg,華やかな日に澄み渡る味,可憐な装いに合う優しい味,凛とした姿に合う贅沢な味,
000517.jpg,凛とした心に澄みわたる味,穏やかな時に寄り添う温もり,洗練された日々に贅沢な一杯,length_not_8_12 | 凛とした心に澄みわたる味\n穏やかな時に寄り添う温もり\n洗練された日々に贅沢な一杯
000518.jpg,洗練された味で心を満たす,上品な装いに合う優しい味,凛とした日々に贅沢な一杯,
000519.jpg,知的で穏やかな一杯を,大人の余裕に合う出汁,落ち着いた贅沢な味を,
000520.jpg,洗練された粋な味わいを,静寂に似合う端正な味,鍛えた体に贅沢な充足,
000521.jpg,洗練された美しさに合う味,凛とした佇まいに寄り添う,華やかな装いにふさわしい,
000522.jpg,澄み渡る心に合う一杯,心まで温まる優しい味,明日への活力を蓄える碗,
000523.jpg,澄み渡る心に合う一杯を,ふっくら温まる至福の時,心ゆくまで満たされる味,
000524.jpg,知的な休息に澄んだ一杯を,こだわり派に合う優しい味,真剣な仕事の後の贅沢飯,
000525.jpg,凛とした美しさに合う味,心ほぐれる優しいひととき,都会的な私へのご褒美を,
000526.jpg,仕事の合間に澄み渡る味,心解きほぐす温かな時,明日への活力を蓄える一杯,
000527.jpg,洗練された一杯で心潤う,上品な装いに合う優しい味,凛とした日々に贅沢な満足,
000528.jpg,粋な会話に合う澄んだ味,心ほどける温かなひと時,絆を深める贅沢な満足感,
000529.jpg,洗練された味に浸る贅沢,品格漂う大人の休息を,都会的な私へのご褒美,
000530.jpg,洗練された粋な味わいを,凛とした心に染みる味,自信を支える贅沢な一杯,
000531.jpg,洗練された澄み渡る味わい,穏やかな心に寄り添う味,都会的な感性を満たす贅沢,
000532.jpg,洗練された味をあなたに,気品漂う至福の一杯を,凛とした日々に贅沢を,
000533.jpg,洗練された自信を味わう,個性を纏い粋に堪能する,揺るぎない信念を満たす,
000534.jpg,洗練された大人の休息に,都会的な装いに合う一杯,凛とした二人の贅沢時間,
000535.jpg,洗練された一杯で心整う,余裕ある大人の休息に,自信を支える贅沢な味,
000536.jpg,洗練された味で心ほどける,都会的な日常に優しい一杯,凛とした私に贅沢なご褒美,
000537.jpg,都会的な私に合う透明感,洗練された私への優しい味,モードな私を満たす贅沢感,
000538.jpg,澄んだ心で向き合う一杯,静かに整える大人の時間,力強い心に満たす充足感,
000539.jpg,鋭い眼差しに澄み渡る味,静寂に寄り添う温もりを,こだわり抜いた至福の一杯,
000540.jpg,色彩豊かな心に澄む味,自由な旅路に温もりを,個性が光る贅沢な一杯,
000541.jpg,洗練された粋な味わいを,心ほどける優しいひととき,凛とした日々に贅沢な一杯,
000542.jpg,研ぎ澄ます心に澄んだ一杯,静寂に寄り添う温もりを,力強い体に満ちる充足感,
000543.jpg,紳士に似合う澄んだ味わい,気品漂う大人の休息に,洗練された心を満たす贅沢,
000544.jpg,洗練された味をその手に,静寂に寄り添う温もり,強き心を満たす贅沢を,
000545.jpg,洗練された大人の澄んだ味,品格漂う穏やかなひととき,知的な日常に贅沢な満足を,
000546.jpg,鋭い眼差しに合う澄んだ味,個性を引き立てる優しい風,自信に満ちた贅沢な充足感,
000547.jpg,粋な装いに合う澄んだ味,余裕ある午後に優しい出汁,洒落た大人の贅沢な一杯,
000548.jpg,穏やかな心に澄みわたる味,上品な装いに合う優しい味,歩き疲れた心を満たす贅沢,
000549.jpg,仕事の合間に軽やかな一杯,余裕ある大人の上品な味,自信に満ちた贅沢な満足感,
000550.jpg,洗練された一杯で心弾む,上品な装いに合う優しい味,前向きな一日に贅沢な満足,
000551.jpg,心弾む彩りに合う一杯,余裕ある大人の心地よい味,遊び心あるあなたに贅沢を,
000552.jpg,洗練された味で心を満たす,凛とした私に合う優しい味,都会的な夜に贅沢な満足を,
000553.jpg,洗練された味で心を満たす,上品な甘みが心地よい時,都会的な贅沢を味わう日,
000554.jpg,真剣な心に澄み渡る味,張り詰めた心ほどく温もり,戦う男へ力強い満足感を,
000555.jpg,洗練された味をあなたに,自信に満ちた贅沢な一杯,鋭い感性を満たす満足感,
000556.jpg,洗練された美を研ぎ澄ます,気品ある佇まいに寄り添う,凛とした強さを満たす味,
000557.jpg,洗練された味を二人で,心ほどける温かなひととき,贅沢な満足感を分かち合う,
000558.jpg,個性を彩る澄んだ味わい,軽やかな心に優しい出汁,自由な感性を満たす贅沢,
000559.jpg,澄み渡る味で心整える,芯から温まり明日へ備えよ,力強い一杯で活力を養え,
000560.jpg,リボンに合う澄んだ味わい,ボードの合間に浸る出汁,真剣な眼差しに満たす米,
000561.jpg,澄んだ心に合う淡い味わい,リボンに似合う優しい出汁,ボード後の体にガッツリと,
000562.jpg,鋭い感性に合う澄んだ味,こだわり抜いた粋な選択,自信を裏付ける贅沢な一杯,
000563.jpg,こだわりを添えた一杯を,穏やかな時に合う味わい,大人の余裕を満たす贅沢,
000564.jpg,金髪の個性に合う澄んだ味,黒いローブに似合う上品さ,真剣な表情を解く満足感,
000565.jpg,凛とした私に合う純白の味,洗練された心を満たす甘み,自信を支える贅沢な充足感,
000566.jpg,仕事の合間に澄み渡る味,心ほどける優しいひととき,明日への活力、贅沢な一杯,
000567.jpg,洗練された澄みわたる味,凛とした佇まいに合う甘み,芯から満たす贅沢な充足感,
000568.jpg,澄んだ心に合う淡い味わい,静寂に寄り添う温かな味,凛とした姿に満ちる活力,
000569.jpg,気品漂う澄んだ味わいを,上品に楽しむ温もりを,自信に満ちた贅沢な一杯,
000570.jpg,筋肉に染みる澄んだ味わい,知的な視点に合う優しい味,鍛えた体に満たす贅沢な飯,
000571.jpg,澄んだ心に合う優しい味,小さな手に似合う温もり,二人で分ける贅沢な喜び,
000572.jpg,知的な休息に澄んだ一杯を,都会の静寂に温もり添えて,真剣な日に贅沢な満足感を,
000573.jpg,洗練された味で心身を整え,誠実な一杯でひと息つく,仕事の疲れを贅沢に癒やす,
000574.jpg,洗練された味で心も軽く,温もり纏い心地よく憩う,華やかな気分で満たされる,
000575.jpg,清潔感ある一杯をどうぞ,心ほどける優しい味わい,自信を支える贅沢な一品,
000576.jpg,華やかな色使いに合う味,快活な心を満たす一杯,弾ける笑顔に合う贅沢,
000577.jpg,爽やかな笑顔に合う一杯,心ほどける穏やかな時間,軽やかな装いに合う贅沢,
000578.jpg,澄んだ瞳に合う優しい味,お気に入りの帽子と温もり,真剣な心に満ちる満足感,
000579.jpg,洗練された美しさに合う味,気品ある姿に寄り添う一杯,自信に満ちた贅沢なご褒美,
000580.jpg,澄んだ心に合う透明な味,静かな時に寄り添う温もり,凛とした日々に満ちる贅沢,
000581.jpg,粋な白靴に合う澄んだ味,赤いドレスに似合う上品さ,鍛えた体に贈る贅沢な量,
000582.jpg,静寂を纏う澄んだ味わい,凛とした心に温もりを,研ぎ澄まされた充足感を,
000583.jpg,静寂を纏う澄んだ味わい,凛とした心を満たす温もり,鋭い感性を満たす充足感,
000584.jpg,知的な休息に澄んだ一杯を,大人の余裕を味わう出汁を,仕事の合間に贅沢な満足を,
000585.jpg,洗練された味をその身に,凛とした佇まいに合う一杯,自信に満ちた贅沢な充足感,
000586.jpg,洗練された味で心整える,落ち着いた時に沁みる味,凛とした日々に贅沢な一杯,
000587.jpg,粋な装いに合う澄んだ味,自信ある体に染みる出汁,華やかな身なりに合う贅沢,
000588.jpg,洗練された味で心を満たす,シックな装いに合う温もり,都会的な日々に贅沢な一杯,
000589.jpg,凛とした瞳に合う澄んだ味,黒い装いに寄り添う温もり,真剣な心を満たす贅沢感,
000590.jpg,クールな心に澄み渡る味,こだわり抜いた大人の一杯,自信に満ちた贅沢な満足感,
000591.jpg,個性を彩る澄んだ味わいを,心ほどける温かなひととき,大胆な気分に合う贅沢な味,
000592.jpg,凛とした心に澄みわたる味,静寂に溶け込む温もりを,鍛えた体に満たす充足感,
000593.jpg,洗練された味で心解かす,上品なひとときをあなたに,真剣な日々に贅沢な充足を,
000594.jpg,穏やかな心に澄んだ一杯を,温かな装いに合う優しい味,歩いた後の体に贅沢な満足,
000595.jpg,静寂に溶ける澄んだ味わい,落ち着いた心に温もりを,凛とした日々に満たす贅沢,
000596.jpg,洗練された心に澄む味わい,上品な装いに合う優しい味,凛とした日々に贅沢な満足,
000597.jpg,澄んだ心に合う淡い味わい,黒いコートに温かな癒やし,凛とした姿に満ちる活力,
000598.jpg,洗練された味をクールに。,都会的な日常に寄り添う。,凛とした私に合う贅沢を。,
000599.jpg,洗練された美しさに合う味,上品な装いに寄り添う一杯,都会的な輝きに満ちる贅沢,
000600.jpg,心ほどける優しい味わい,ほっこり温まる至福の時,心もお腹も満たす贅沢を,
000601.jpg,上品な味で心も軽やかに,穏やかなひとときのご褒美,洗練された大人の満足感を,
000602.jpg,洗練された装いに合う一杯,軽やかな装いに寄り添う味,都会的な装いに合う満足感,
000603.jpg,洗練された装いに合う味,都会的な装いに寄り添う,お洒落な二人に贅沢な一杯,
000604.jpg,凛とした心に澄み渡る味,余裕ある時に嗜む贅沢,自信を纏い満たされる時,
000605.jpg,凛とした心に澄み渡る味,静寂に寄り添う深い味わい,矜持を満たす贅沢な一杯,
000606.jpg,虹色スマイルに合う味,お魚スカートと楽しもう,カラフルな心に満ちる味,
000607.jpg,洗練された味で心を満たす,こだわり抜いた粋な一杯を,芯から満たされる贅沢な時,
000608.jpg,洗練された一杯で心潤う,上品な装いに合う優しい味,都会的な私に贅沢なご褒美,
000609.jpg,澄み渡る心で明日へ挑む,端正な身なりに合う逸品,勝負の日にこそ相応しい味,
000610.jpg,洗練された美しさに合う味,凛とした佇まいに寄り添う,知的で都会的な贅沢を,
000611.jpg,都会的な粋を味わう一杯,余裕ある大人の贅沢な味,洗練された男の満足感,
000612.jpg,洗練された味で心も軽く,彩り添える優しいひととき,自分へのご褒美に贅沢を,
000613.jpg,洗練された鋭い味を。,凛とした佇まいに合う。,自信を支える贅沢な一品。,
000614.jpg,優雅なひとときを添えて,穏やかな心に染みわたる,洗練された贅沢な味わい,
000615.jpg,澄み渡る孤独に合う味,静寂に寄り添う温もり,芯の強さを満たす贅沢,
000616.jpg,鋭い感性に澄み渡る味,都会的な日常に合う甘み,こだわりを充たす贅沢感,
000617.jpg,洗練された味で心整える,落ち着いた時に沁みる味,鍛えた体に贅沢なご褒美,
000618.jpg,心ほどける澄んだ味わいを,懐かしい出汁に癒やされて,活力満ちる贅沢なひと時を,
000619.jpg,鋭い眼差しに澄み渡る味,静寂を纏う心に温もりを,芯ある個性に満ちる贅沢,
000620.jpg,澄んだ心に合う透明な味,静かな読書に添える温もり,芯ある強さを満たす贅沢,
000621.jpg,澄み渡る心に合う一杯を,静寂に寄り添う温もりを,芯のあるあなたへ贅沢を,
000622.jpg,大人の余裕に寄り添う甘み,洗練された姿に合う贅沢感,華やかな装いに合う澄んだ味,length_not_8_12 | 華やかな装いに合う澄んだ味\n大人の余裕に寄り添う甘み\n洗練された姿に合う贅沢感
000623.jpg,心ほどける澄んだ味わい,大人の余裕に合う温もり,充実した一日に贅沢な一杯,
000624.jpg,ガッツリ食べて気合注入,心までほどける優しい味,爽やかな風を運ぶ一杯,
000625.jpg,個性を活かす澄んだ味わい,穏やかな心に沁みる出汁,芯あるあなたに贅沢な一杯,
000626.jpg,鍛えた体に染みる塩気,走った後の体に優しい味,最高の集中力と活力補給,
000627.jpg,上品な装いに合う澄んだ味,フリルに似合う優しい甘み,洗練された美しさに贅沢を,
000628.jpg,白のリボンに合う澄んだ味,フリルに似合う優しい出汁,赤い爪に映える贅沢な味,
000629.jpg,凛とした心に澄みわたる味,静寂に寄り添う温もりを,風格ある日に贅沢な一杯,
000630.jpg,上品な味で心も軽やかに,穏やかなひとときを添えて,華やかな姿に合う贅沢を,
000631.jpg,澄んだ心に合う優しい味,温もり纏う至福の一杯,前向きな日への贅沢ごはん,
000632.jpg,洗練された味で心を満たす,凛とした姿に合う温もりを,都会的な感性を満たす贅沢,
000633.jpg,都会的な粋な味を堪能して,大人の余裕に合う温もりを,洗練された体に贅沢な一杯,
000634.jpg,鋭い視線を満たす澄んだ味,静かな情熱を包む温もり,真剣な日々に贅沢な充足を,
000635.jpg,旅人の心を満たす澄んだ味,落ち着いた午後に合う甘味,肩幅に似合う贅沢な満足感,
000636.jpg,洗練された味で心身を整え,静寂に浸る大人の休息を,揺るぎない自信を力に変え,
000637.jpg,心弾む日に澄み渡る味,余裕ある午後の温もりを,充実した一日のご褒美に,
000638.jpg,鋭い視線に澄みわたる味,落ち着いた心に温もりを,洗練された身に満たす力,
000639.jpg,洗練された味を軽やかに,上品なひとときを優雅に,都会的な贅沢を心ゆくまで,
000640.jpg,澄んだ心に合う透明な味,穏やかな時に寄り添う甘み,洗練された日々に贅沢を,
000641.jpg,穏やかな心に染みる味,散歩の後の優しいひととき,心もお腹も満たされる幸せ,
000642.jpg,研ぎ澄まされた心に染みる,静寂に寄り添う温もりを,強き心を満たす至福の味,
000643.jpg,洗練された大人の澄んだ味,華やかな日々に寄り添う味,余裕ある大人の贅沢な一杯,
000644.jpg,洗練された大人の贅沢な味,上品な装いに合う優しい味,余裕ある日常に贅沢な満足,
000645.jpg,華やかな装いに澄んだ一杯,凛とした心に優しい出汁を,情熱の色に合う贅沢な味を,
000646.jpg,洗練された味で心を満たす,端正な身なりに合う逸品,知的な休息に贅沢な一杯,
000647.jpg,鋭い視線に合う澄んだ味,静寂を纏う心に温もりを,孤独な夜を埋める贅沢を,
000648.jpg,凛とした心に澄み渡る味,気品漂う大人の休息に,洗練された日々に贅沢を,
000649.jpg,軽やかな色に合う澄んだ味,洗練された姿に優しい出汁,都会的な歩みに贅沢な満足,
000650.jpg,研ぎ澄まされた体に塩気を,鍛えた肉体に染みる出汁を,鋼の筋肉へ至福の充足感を,
000651.jpg,思考を解きほぐす澄んだ味,心ほどける優しい甘み,集中した心を満たす贅沢,
000652.jpg,洗練された味で心を満たす,凛とした姿に合う温もりを,都会的な感性を満たす贅沢,
000653.jpg,大人の余裕に合う澄んだ味,落ち着いた心に染みる出汁,こだわり派の贅沢な一杯,
000654.jpg,澄んだ心に合う透明感,穏やかな時に寄り添う味,凛とした日々に贅沢を,
000655.jpg,凛とした私に合う澄んだ味,洗練された姿に優しい甘み,堂々たる歩みに満ちる活力,
000656.jpg,知的な休息に合う澄んだ味,洗練された装いに合う出汁,都会的な感性を満たす贅沢,
000657.jpg,華やぐ笑顔に合う澄んだ味,彩る装いに寄り添う温もり,心弾む午後の贅沢なご褒美,
000658.jpg,華やぐ笑顔に合う澄んだ味,彩りある装いに優しい出汁,心弾む午後に贅沢な満足感,
000659.jpg,洗練された味で心ほどける,上品なあなたに似合う味,都会的な贅沢をひと皿に,
000660.jpg,洗練された輝きに合う味,軽やかな装いに寄り添う,都会的な美しさを満たす,
000661.jpg,洗練された輝きに合う味,彩り豊かな心を満たす一杯,気品ある笑顔に似合う贅沢,
000662.jpg,白い肌に合う澄んだ味わい,上品な装いに似合う出汁,静寂を彩る贅沢な満足感,
000663.jpg,洗練された美しさに合う味,気品漂うあなたへのご褒美,自信に満ちた贅沢なひと時,
000664.jpg,洗練された心に澄む味わい,穏やかな時に合う優しい味,凛とした姿に満ちる贅沢感,
000665.jpg,洗練された味で心を満たす,都会的な感性に合う温もり,鋭いスタイルに合う贅沢を,
000666.jpg,知的な心に澄み渡る一杯,落ち着いた午後の温もりを,真剣な日々に贅沢な充足を,
000667.jpg,澄んだ心に染みる塩味,温もり纏い心解き放つ,力強い心身を養う味,
000668.jpg,洗練された味で心も軽く,上品なひとときをあなたに,凛とした姿に合う贅沢を,
000669.jpg,ストリートに合う澄んだ味,遊び心を満たす甘い誘惑,鍛えた体にガツンと一撃,
000670.jpg,軽やかな心に合う澄んだ味,上品な装いに寄り添う出汁,華やかな日に贅沢な満足を,
000671.jpg,集中した心に澄み渡る味,リラックスして温まる一杯,前向きな力に満ちる満足感,
000672.jpg,こだわり抜いた粋な味わい,大人の余裕を包む温もり,信念を貫く力強い充足感,
000673.jpg,澄んだ心に合う透明感,温もり纏う冬の心地よさ,洗練された贅沢なひととき,
000674.jpg,洗練された味で心を満たす,静寂に寄り添う優しい味,芯のある贅沢をその身に,
000675.jpg,軽やかな装いに合う一杯,大人の余裕に浸る温もり,心弾む友情と満腹感に,
000676.jpg,軽やかな装いに合う一杯,粋な装いに似合う温もり,力強い心身を満たす贅沢,
000677.jpg,澄んだ味で心も整えて,優しい出汁で気分転換,贅沢な味で不満を解消,
000678.jpg,爽やかな笑顔に合う一杯,社交的な気分に寄り添う味,軽快な日々に贅沢な満足感,
000679.jpg,洗練された味で心を満たす,品格漂う一杯で贅沢に,自信ある私に合うご馳走,
000680.jpg,洗練された美しさに合う味,都会的な装いに寄り添う味,凛とした佇まいに合う贅沢,
000681.jpg,黒の装いに合う澄んだ味,凛とした歩みに優しい出汁,洗練された姿に満ちる贅沢,
000682.jpg,品格漂う大人の澄んだ味,余裕ある心に染みる出汁,自信に満ちた贅沢な一杯,
000683.jpg,こだわり抜いた大人の味,心ほどける上品なひととき,華やかな装いに合う贅沢,
000684.jpg,都会に馴染む澄んだ味わい,心まで解ける優しい甘み,自分へのご褒美に贅沢を,
000685.jpg,鋭い眼差しに澄み渡る味,静寂に寄り添う温かな色,こだわり抜いた芯のある味,
000686.jpg,澄んだ心に合う一杯を,芯から温まる贅沢な時,気概に応える満足感を,
000687.jpg,洗練された大人の澄んだ味,穏やかな時に浸る優しい味,引き締まった体に贅沢な味,
000688.jpg,澄んだ瞳に合う淡い味わい,活動的な日々に贅沢な満足,編み込み帽子に似合う温もり,length_not_8_12 | 澄んだ瞳に合う淡い味わい\n編み込み帽子に似合う温もり\n活動的な日々に贅沢な満足
000689.jpg,澄んだ心に合う透明な味,心ほどける温かなひととき,芯から満たす力強い満足感,
000690.jpg,彩り豊かな日々に合う味,軽やかな笑顔に寄り添う,心弾む装いに合う贅沢,
000691.jpg,洗練された味で心ほどける,軽やかな装いに合う逸品,芯ある美しさに満ちる味,
000692.jpg,凛とした心に澄み渡る味,静寂に寄り添う優しい温もり,シンプルに満たす贅沢な満足,length_not_8_12 | 凛とした心に澄み渡る味\n静寂に寄り添う優しい温もり\nシンプルに満たす贅沢な満足
000693.jpg,洗練された透明感を纏う味,気品ある佇まいに合う逸品,凛とした美しさを満たす贅,
000694.jpg,洗練された味をあなたに,静寂に寄り添う温もりを,凛とした心を満たす贅沢,
000695.jpg,洗練された澄み渡る味わい,凛とした佇まいに合う甘味,芯ある強さを纏う贅沢感,
000696.jpg,澄んだ心に合う一杯を,落ち着いた時に寄り添う,こだわり派に贈る贅沢,
000697.jpg,洗練された味で心も軽く,上品な甘みに癒やされて,都会的な贅沢を頬張ろう,
000698.jpg,大人の余裕に合う澄んだ味,穏やかな心に染みる甘み,肩幅に見合う贅沢な満足感,
000699.jpg,洗練された身に澄む味わい,凛とした心に温もり添えて,都会的な日常に贅沢な一品,
000700.jpg,鍛えた体に染みる澄んだ味,心まで解ける贅沢な甘み,筋肉に届く最高の充足感,
000701.jpg,洗練された味で心を満たす,凛とした姿に合う優しい味,都会的な日常に贅沢な一杯,
000702.jpg,凛とした姿に合う澄んだ味,穏やかな微笑みに寄り添う,黒い装いに映える贅沢感,
000703.jpg,凛とした心に澄み渡る味,熟練の技が光る至福の一杯,気品ある日に贅沢な満足を,
000704.jpg,静寂を纏う澄んだ味わい,端正な装いに合う温もり,凛とした心を満たす贅沢,
000705.jpg,洗練された心に澄み渡る味,都会的な装いに温もりを,自信に満ちた日へのご褒美,
000706.jpg,澄んだ心に合う爽やかな味,絆を深める温かなひととき,情熱を支える贅沢な満足感,
000707.jpg,澄んだ心に合う淡い味わい,絆を深める温かなひととき,情熱を支える贅沢な満足感,
000708.jpg,洗練された美しさに合う味,華やかな装いに寄り添う品,凛とした佇まいに満ちる幸,
000709.jpg,洗練された大人の澄んだ味,粋な装いに合う落ち着きを,こだわり抜いた至福の一杯,
000710.jpg,仕事の合間に澄み渡る味,心ほどける出張の休息,勝負の日にふさわしい味,
000711.jpg,凛とした心に澄み渡る味,洗練された日常に寄り添う,都会的な私への贅沢な一杯,
000712.jpg,都会的な休日を彩る一杯,洗練された大人の休息に,華やかな午後の贅沢時間を,
000713.jpg,洗練されたあなたに合う味,凛とした姿に寄り添う一杯,自信に満ちた心を満たす味,
000714.jpg,静かに味わう澄んだ一杯,穏やかな心に染みる出汁,控えめな日々に贅沢な味,
000715.jpg,洗練された味を軽やかに,上品な装いに合う優しさを,都会的な感性に満ちる贅沢,
000716.jpg,洗練された味で心を満たす,凛とした姿に合う優しい味,都会的な感性を満たす贅沢,
000717.jpg,洗練された味で心も軽く,ゆったり流れる贅沢な時,満足感ある贅沢なひととき,
000718.jpg,心ほどける澄んだ味わい,ふっくら甘い癒やしの時,心もお腹も満たす贅沢を,
000719.jpg,鍛えた体に染みる澄んだ味,心も体も解ける贅沢な時,充実した一日に相応しい量,
000720.jpg,洗練された一杯をあなたに,穏やかなひとときを添えて,都会的な感性を満たす味,
000721.jpg,洗練された粋な味わいを,余裕ある大人の休息に,自信に満ちた贅沢な一杯,
000722.jpg,洗練された味に心地よく,粋な装いに合う優しさを,都会的なあなたへ贅沢を,
000723.jpg,こだわり派の体に染みる味,大人の余裕に合う優しい味,筋肉に届くガッツリな快感,
000724.jpg,洗練された私に合う透明感,凛とした私を癒やす甘み,自信に満ちた私へのご褒美,
000725.jpg,紅い唇に合う澄んだ味わい,彩り帽子に似合う温もりを,都会的な装いに贅沢な一杯,
000726.jpg,凛とした心に澄み渡る味,余裕ある大人の休息に,自信を深める至福の一杯,
000727.jpg,洗練された透明感を纏う味,気品ある佇まいに合う一杯,研ぎ澄まされた美しき充足,
000728.jpg,洗練された粋な味わいを,静寂に溶ける優しい味,鍛えた体に贅沢な充足,
000729.jpg,華やかな私に合う澄んだ味,都会的な私を癒やす甘み,自信に満ちた私へのご褒美,
000730.jpg,金ボタンに合う澄んだ一杯,軍服に似合う出汁の香り,強い個性に満たされる味,
000731.jpg,品格漂う澄んだ味わいを,端正な身なりに合う逸品,装いに似合う贅沢な満足,
000732.jpg,華やかな装いに合う淡い味,ドット柄に似合う優しい味,彩りある日々に贅沢な満足,
000733.jpg,鋭い感性に澄みわたる味,凛とした心に温もりを,都会を歩く力強い充足感,
000734.jpg,洗練された身軽な味わいを,余裕ある心に優しい温もり,自信に満ちた贅沢な充足感,
000735.jpg,洗練された大人の澄んだ味,粋な装いに合う上品な一杯,都会的な余裕を満たす贅沢,
000736.jpg,澄んだ心に合う淡い味わい,風を切った体に温もりを,前向きな明日に力強い一杯,
000737.jpg,陽気に弾ける澄んだ味わい,心ほどける優しいひととき,心身を満たす健康的な贅沢,
000738.jpg,華やかな日に澄みわたる味,上品な装いに合う優しい味,気品ある姿に満ちる満足感,
000739.jpg,赤に映える澄んだ味わい,凛とした心に染みる甘み,芯あるあなたに贅沢な一杯,
000740.jpg,澄んだ心に合う淡い味わい,穏やかな時に沁みる温もり,日々の活力に贅沢な満足を,
000741.jpg,洗練された味に浸る時間,静寂に寄り添う優しい味,芯ある強さを満たす一杯,
000742.jpg,洗練された心に澄み渡る味,余裕あるひとときを優雅に,自信に満ちた日へのご褒美,
000743.jpg,洗練された味で心を満たす,静寂に寄り添う優しい味,凛とした心に響く贅沢を,
000744.jpg,洗練された身軽な味わいを,上品に嗜む大人の休息を,都会的な贅沢を心ゆくまで,
000745.jpg,洗練された純白の輝きを,華やかな色彩に合う一杯,自信に満ちた贅沢な味わい,
000746.jpg,穏やかな心に染みる味,誠実な日々に寄り添う一杯,余裕ある大人の贅沢な時,
000747.jpg,洗練された身なりに合う味,都会的な感性を満たす一杯,鍛えた体に贅沢なご褒美を,
000748.jpg,凛とした心に澄みわたる味,知的な日々に満ちる充足感,静寂に寄り添う優しい温もり,length_not_8_12 | 凛とした心に澄みわたる味\n静寂に寄り添う優しい温もり\n知的な日々に満ちる充足感
000749.jpg,洗練された大人の澄んだ味,落ち着いた紳士に合う逸品,自信に満ちた贅沢な満足感,
000750.jpg,粋な装いに合う澄んだ味,知的な休息に優しい一杯,自信に満ちた贅沢な満足感,
000751.jpg,粋な装いに合う澄んだ味,知的な休息に優しい出汁,余裕ある大人の贅沢飯,
000752.jpg,鋭い視線に合う澄んだ味,凛とした姿に似合う甘み,強い意志を満たす贅沢感,
000753.jpg,澄んだ心に合う透明感,心ほどける柔らかな時間,凛とした日々に贅沢な味,
000754.jpg,大人の余裕を味わう一杯,落ち着いた心に染みる味,こだわり派の贅沢な選択,
000755.jpg,澄んだ味で心身を整える,温もりで緊張を解きほぐす,力強い活力で明日へ挑む,
000756.jpg,澄んだ笑顔に合う淡い味,彩りマフラーに温もりを,凛とした姿に贅沢な一杯,
000757.jpg,鋭い眼差しに合う澄んだ味,静寂に浸る大人の休息を,張り詰めた心に満ちる贅沢,
000758.jpg,軽快なリズムでさっぱりと,黄色いシャツに合う温もり,アクティブな体にガッツリ,
000759.jpg,穏やかな心に染みる味,優しい色合いの温もり,心満たす贅沢なひと時,
000760.jpg,澄んだ心に合う透明な味,温もり包む優しいひととき,凛とした日に満ちる満足感,
000761.jpg,洗練された美しさに合う味,上品な装いに寄り添う一杯,凛とした佇まいに合う贅沢,
000762.jpg,凛とした心に澄み渡る味,渋い佇まいに合う温もり,骨格に響く力強い充足感,
000763.jpg,自由な心に澄み渡る味,陽気な気分に合う甘い味,情熱を包む贅沢な満足感,
000764.jpg,上品な装いに合う澄んだ味,落ち着いた心に染みる出汁,華やかな日々に贅沢な一杯,
000765.jpg,洗練された静寂を味わう,落ち着いた心に染みる味,都会的な佇まいに合う贅沢,
000766.jpg,洗練された味で心も軽く,上品なひとときを添えて,都会的な贅沢を味わって,
000767.jpg,澄んだ心に合う透明な味,上品な装いに似合う出汁,凛とした姿に合う贅沢感,
000768.jpg,洗練された粋な味わいを,都会的な感性に合う一杯,個性が光る贅沢な満足感,
000769.jpg,優雅な舞いの後の休息に,蝶ネクタイに合う贅沢を,心踊る時間に満ちる味を,
000770.jpg,洗練された心に澄み渡る味,都会の喧騒を忘れる温もり,凛とした日々に贅沢な満足,
000771.jpg,洗練された粋な味わいを,大人の余裕に合う一杯を,都会的な贅沢を頬張る,
000772.jpg,洗練された美しさに合う味,凛とした佇まいに寄り添う,隙のない装いに満ちる贅沢,
000773.jpg,彩り豊かな心に澄んだ一杯,快活な歩みに温かな癒やし,力強い体に満ちる満足感,
000774.jpg,洗練された私に合う透明感,心ほどける大人の余裕時間,前向きな私へ贅沢なご褒美,
000775.jpg,洗練された味で心身を整え,凛とした姿に合う優しい味,都会的な日常に贅沢な充足,
000776.jpg,黒い装いに合う澄んだ味,落ち着いた心に染みる甘み,余裕ある大人の贅沢な一杯,
000777.jpg,華やぐ心に澄み渡る味,明るい笑顔に合う優しい味,前向きな日に贅沢な満足感,
000778.jpg,上品な装いに合う澄んだ味,ふんわり心地よい贅沢な時,洗練された日々に心満たす,
000779.jpg,白く澄んだ心に合う味,上品な装いに寄り添う,凛とした美しさに満ちて,
000780.jpg,澄み渡る心に合う一杯,静寂に寄り添う温もりを,凛とした体に満ちる幸,
000781.jpg,洗練された味で心を満たす,華やかな笑顔に合う逸品,自信に満ちた贅沢な時間,
000782.jpg,洗練された一杯で心潤う,大人の余裕に合う優しい味,凛とした日々に贅沢な満足,
000783.jpg,洗練された一杯で心潤う,大人の余裕に合う温もり,自信に満ちた贅沢な味を,
000784.jpg,凛とした黒に合う透明感,気品ある佇まいに優しい味,洗練された美に満ちる贅沢,
000785.jpg,洗練された身のこなしに,落ち着いた心を満たす味,凛とした佇まいに合う贅沢,
000786.jpg,洗練された味で心を満たす,凛とした姿に合う温もりを,都会的な日常に贅沢な一杯,
000787.jpg,洗練された味に浸る贅沢,品格漂う大人の休息を,鍛えた体に満ちる充足感,
000788.jpg,上品な装いに合う澄んだ味,余裕ある大人の心休まる味,風格漂う贅沢な満足感を,
000789.jpg,華やかな日に澄みわたる味,上品な装いに合う優しい味,洗練された日々に贅沢な味,
000790.jpg,洗練された大人の澄んだ味,冬の装いに温もりを添えて,余裕ある心を満たす贅沢を,
000791.jpg,洗練された味を軽やかに,優雅なひとときに温もりを,都会的な日常に贅沢な一杯,
000792.jpg,上品な彩りと澄んだ味わい,穏やかな心に寄り添う味,華やかな装いに合う贅沢,
000793.jpg,洗練された美しさに合う味,凛とした佇まいに寄り添う,自信に満ちた心を満たす味,
000794.jpg,洗練された澄み切る味わい,都会的な静寂を包む甘み,モードな心を満たす贅沢,
000795.jpg,研ぎ澄ます心身に澄んだ味,誠実な心に染みる温もり,鍛えた体に満たす満足感,
000796.jpg,洗練された味を静かに。,凛とした心に温もりを。,都会的な贅沢をひと皿に。,
000797.jpg,洗練された美しさに合う味,穏やかな心を満たす一杯,凛とした姿に似合う贅沢,
000798.jpg,澄んだ心に合う優しい味,静かな時間に染みる温もり,心を満たす贅沢なご褒美,
000799.jpg,粋な装いに合う澄んだ味,余裕ある大人の贅沢な一杯,心弾む午後の満足感を,
000800.jpg,洗練された美しさを纏う味,凛とした佇まいに合う一品,都会的な感性を満たす贅沢,
000801.jpg,穏やかな笑顔に合う澄んだ味,編み物休めの温かなひととき,心弾む装いに合う贅沢な一品,length_not_8_12 | 穏やかな笑顔に合う澄んだ味\n編み物休めの温かなひととき\n心弾む装いに合う贅沢な一品
000802.jpg,洗練された私へのご褒美,凛とした心を満たす贅沢,自信に満ちた日の特等席,
000803.jpg,凛とした心に澄みわたる味,静かな決意を包む温もり,鍛えた体に満たす充足感,
000804.jpg,青い装いに合う澄んだ味,穏やかな時に浸る温もり,心満たす贅沢なひととき,
000805.jpg,知的な休息に合う澄んだ味,大人の余裕を包む優しい味,こだわり派に贈る贅沢な味,
000806.jpg,洗練された味で心ほどける,凛とした日々に温もりを,都会的な私へ贅沢な一杯,
000807.jpg,澄み渡る心に染みる一杯,穏やかな時に合う温もり,どっしりと構える贅沢な味,
000808.jpg,澄んだ心に染みる透明感,静かな夜に寄り添う温もり,孤独を包む贅沢な充足感,
000809.jpg,彩る心に澄みわたる味,華やかな日に優しい出汁,自由な感性に満ちる贅沢,
000810.jpg,華やかな笑顔に合う透明感,花柄の装いに似合う優しさ,軽やかな心を満たす贅沢感,
000811.jpg,全力疾走のあとの塩分補給,集中力を高める優しい味,次なる勝利へスタミナ満点,
000812.jpg,洗練された味で心を満たす,凛とした日々に優しい一杯,自信に満ちた体に贅沢を,
000813.jpg,華やかな気分に合う一杯,社交的なひとときのご褒美,軽やかな足取りで満腹へ,
000814.jpg,快活な語らいに合う一杯,静かに味わう至福の時,賑やかな会話に合う贅沢,
000815.jpg,談笑に合うさっぱりした味,静かに味わう出汁の香り,賑やかな会話に合う満足感,
000816.jpg,洗練された身のこなしに,余裕ある大人の休息を,端正な姿に似合う贅沢,
000817.jpg,洗練された街並みに合う味,颯爽と歩くあなたへ贈る味,都会的な装いに似合う贅沢,
000818.jpg,風を切る体に澄んだ一杯,旅の合間に心ほどける味,走った後の体にガツンと,
000819.jpg,淡い色に合う澄んだ味わい,上品な装いに優しい甘みを,華やかな日に贅沢な満足を,
000820.jpg,気品漂う澄んだ味わいを,凛とした姿に合う温もり,堂々たる風格に満ちる味,
000821.jpg,洗練された澄み切る味わい,凛とした姿に合う甘み,自信を支える贅沢な満足,
000822.jpg,こだわり派の粋な味わい,穏やかな心に染みる味,大人の余裕を満たす贅沢,
000823.jpg,洗練された一杯で心整える,都会的な装いに合う温もり,集中した心を満たす贅沢を,
000824.jpg,洗練された味で心を満たす,軽やかなひとときを贈る,都会的な贅沢を味わう,
000825.jpg,洗練された味で心ほぐれる,柔らかなひとときを添えて,華やかな日々に贅沢な一杯,
000826.jpg,洗練された私へのご褒美,凛とした心に染みる味,自信に満ちた日の贅沢に,
000827.jpg,規律ある心に澄み渡る味,厳格な日々に染みる甘み,鋼の意志を支える充足感,
000828.jpg,洗練された輝きに合う味,軽やかな笑顔に寄り添う,都会的な装いに満たす贅沢,
000829.jpg,知的な君に合う澄んだ味,静かな午後に温もりを,情熱を秘めた心に満たす,
000830.jpg,余裕ある大人の軽やかな味,大らかな心に染みる温もり,心ゆくまで贅沢な満足感を,
000831.jpg,研ぎ澄まされた味を。,静寂に浸る贅沢な時。,揺るぎない自信を満たす。,
000832.jpg,洗練された私へのご褒美を,上品な装いに合う優しい味,華やかな日々に贅沢な一杯,
000833.jpg,凛とした姿に澄み渡る味,静かな佇まいに合う温もり,堂々たる風格を満たす贅沢,
000834.jpg,洗練された味で心を満たす,粋な装いに合う優しい味,自信に満ちた体に贅沢を,
000835.jpg,知的で洗練された一杯を,品格漂う大人の休息に,充実した一日のご褒美に,
000836.jpg,凛とした心に澄み渡る味,静かな休息に優しい温もり,鍛えた体に満ちる充足感,
000837.jpg,澄んだ心に合う透明な味,気品あるひと時に優しい味,凛とした姿に満ちる満足感,
000838.jpg,粋な身なりに合う澄んだ味,こだわり抜いた大人の甘み,自由な感性を満たす満足感,
000839.jpg,洗練された一杯をあなたに,心ほどける優しい味わい,都会の日常に贅沢な満足を,
000840.jpg,品格漂う澄んだ味わいを,落ち着いた心に染みる味,大人の余裕を満たす贅沢,
000841.jpg,澄んだ心に合う淡い味わい,穏やかな時に染みる温もり,凛とした日々に贅沢な満足,
000842.jpg,粋な装いに合う澄んだ味,品格漂う大人の落ち着き,自信に満ちた贅沢な一杯,
000843.jpg,洗練された味をあなたに,気品漂う贅沢なひととき,自信に満ちた至福の一杯,
000844.jpg,洗練された味をあなたに,上品なひとときを添えて,華やかな日々に贅沢を,
000845.jpg,洗練された大人の休息に,上品な装いに合う優しさを,都会的な二人に贅沢な味を,
000846.jpg,知的な休息に澄んだ一杯を,落ち着いた心に優しい味を,真剣な一日の活力になる味,
000847.jpg,洗練された粋な味わいを,静寂に寄り添う温もりを,凛とした心を満たす贅沢,
000848.jpg,品格漂う澄んだ味わいを,威厳ある心を満たす一杯,堂々たる風格に合う贅沢,
000849.jpg,澄んだ心に合う淡い味わい,温もり包む優しいひととき,心を満たす贅沢な満足感,
000850.jpg,洗練された味で心を満たす,凛とした佇まいに合う一杯,鍛えた体に贅沢な充足感を,
000851.jpg,熟練の味に浸るひととき,静かに心を満たす一杯,風格ある贅沢な満足感を,
000852.jpg,粋な装いに合う澄んだ味,こだわり派の大人の一杯,風格ある体に満ちる満足,
000853.jpg,誠実な心に染みる澄んだ味,真剣な眼差しに合う温もり,気概ある一日に贅沢な一杯,
000854.jpg,澄んだ心に合う透明な味,静かな雨に寄り添う温もり,凛とした日々に贅沢な一杯,
000855.jpg,澄んだ心に合う清涼な味,柔らかな波に寄り添う一杯,凛とした姿に満ちる活力,
000856.jpg,洗練された粋な味わいを,余裕ある大人の贅沢な時,自信に満ちた至高の一杯,
000857.jpg,洗練された透明感を纏う味,静寂を彩る上品な甘み,凛とした佇まいに合う贅沢,
000858.jpg,鋭い眼差しに澄み渡る味,静寂を纏う心に温もりを,こだわり抜いた贅沢な一杯,
000859.jpg,洗練された味で心を満たす,華やかな日に寄り添う味,芯のあるあなたに贅沢を,
000860.jpg,洗練された私へのご褒美を,華やかな一日に温もりを,自信に満ちた心を満たす味,
000861.jpg,静寂に浸る澄んだ味わい,黒い装いに合う温もりを,こだわり抜いた贅沢な一杯,
000862.jpg,澄んだ心に合う淡い味わい,飾らない日々に優しい出汁,こだわり抜いた贅沢な満足,
000863.jpg,若々しく軽快な味わいを,知的な休息に優しい一杯,仕事の合間に贅沢な満足を,
000864.jpg,洗練された美しさに澄む味,都会的な余裕に合う温もり,自信あふれる日へのご褒美,
000865.jpg,澄んだ心に合う淡い味わい,静寂に寄り添う温かな味,孤独を埋める贅沢な満足感,
000866.jpg,大人の余裕に合う澄んだ味,粋な装いに似合う出汁の香,こだわり抜く贅沢な満足感,
000867.jpg,洗練された味をスマートに,落ち着いた心に優しい一杯,鍛えた体に贅沢な満足感を,
000868.jpg,洗練された味をスマートに,落ち着いた心に染みる味,自信に満ちた贅沢な一杯,
000869.jpg,粋な装いに合う澄んだ味,静寂に浸る上品な一杯,大人の余裕を満たす贅沢,
000870.jpg,洗練された純白の輝きを,黄金の艶に寄り添う味,凛とした贅沢な充足感,
000871.jpg,洗練された味を静かに嗜む,凛とした心に沁みる温もり,自信に満ちた贅沢な充足感,
000872.jpg,洗練された味で心を満たす,穏やかな時に寄り添う味,都会的な贅沢を頬張る,
000873.jpg,洗練された味で心を満たす,静寂に寄り添う優しい味,鋭い感性を満たす贅沢を,
000874.jpg,大人の余裕に合う澄んだ味,落ち着いた心に染みる甘み,風格ある体に満ちる満足感,
000875.jpg,洗練された味で心を満たす,落ち着いた時に染みる一杯,都会的な贅沢を頬張る時,
000876.jpg,軽やかな装いに合う一杯,穏やかな心を満たす味わい,活動的な日に贅沢な満足を,
000877.jpg,洗練された味をシンプルに,気品漂う優雅なひととき,華やかな装いに合う贅沢,
000878.jpg,穏やかな心に澄みわたる味,彩りある日々に温もりを,都会の静寂に満ちる満足感,
000879.jpg,洗練された味をあなたに,落ち着いた時に寄り添う,個性を彩る贅沢な一品,
000880.jpg,澄んだ笑顔に合う軽やかさ,心ほどける優しいひととき,凛とした日々に贅沢な味を,
000881.jpg,洗練された大人の澄んだ味,彩り豊かな心に染みる味,華やかな日々に贅沢な一杯,
000882.jpg,澄んだ心に合う透明な味,華やかな装いに優しい出汁,凛とした姿に贅沢な満足感,
000883.jpg,洗練された味で心を満たす,上品な温もりをあなたに,都会的な贅沢を味わって,
000884.jpg,洗練された味で心を満たす,余裕ある大人の休息に,自信を支える贅沢な一杯,
000885.jpg,静寂に浸る澄んだ味わい,落ち着いた心に温もりを,知的な休息に贅沢な一杯,
000886.jpg,粋な装いに澄んだ一杯を,大人の余裕に甘いひととき,心身を鍛える贅沢な満足感,
000887.jpg,こだわり抜く大人の味,粋な装いに合う一杯,真剣な心を満たす贅沢,
000888.jpg,静寂を分かち合う澄んだ味,寄り添う心温まるひととき,二人の絆深める贅沢な一杯,
000889.jpg,凛とした心に澄み渡る味,穏やかな時に浸る甘み,自信に満ちた贅沢な一杯,
000890.jpg,洗練された身に澄み渡る味,凛とした心に沁みる温もり,鍛えた体に満ちる充足感,
000891.jpg,品格漂う澄み渡る味わい,余裕ある大人の心休まる味,自信に満ちた至福の贅沢感,
000892.jpg,穏やかな心に澄みわたる味,ゆったり流れる心地よい時,心もお腹も満たされる幸,
000893.jpg,光り輝く装いに合う透明感,上品な微笑みに寄り添う味,洗練された姿に贅沢な満足,
000894.jpg,洗練された大人の澄んだ味,彩り添える心温まる一杯,凛とした日々に贅沢な満足,
000895.jpg,白ドレスに合う澄んだ味,上品な微笑みに寄り添う,凛とした姿に満ちる贅沢,
000896.jpg,粋な装いに合う澄んだ味,親友と分かち合う温もり,大人の余裕を満たす贅沢,
000897.jpg,粋な装いに合う澄んだ味,親友と分かち合う温もり,こだわり派に贈る贅沢感,
000898.jpg,洗練された味で心も軽く,上品な甘みが似合うひと時,都会的な贅沢を頬張る幸せ,
000899.jpg,洗練された身なりに合う味,粋な手ぬぐいの心に添えて,鍛えた体に力強い満足感を,
000900.jpg,心ほどける優しい味わい,笑顔あふれる温かな時間,華やかな気分で満たされる,
000901.jpg,洗練された粋な味わいを,凛とした佇まいに合う一杯,自信に満ちた贅沢な充足感,
000902.jpg,穏やかな心に澄みわたる味,大人の余裕を包む優しい味,こだわり派の心を満たす味,
000903.jpg,知的な休息に澄んだ一杯を,品格漂う大人の贅沢な味,自信に満ちた心を満たす膳,
000904.jpg,澄んだ心に合う優しい味,穏やかな日に沁みる温もり,余裕ある体に贅沢な満足,
000905.jpg,凛とした心に澄み渡る味,品格漂う温かなひととき,芯ある日々に満ちる活力,
000906.jpg,品格漂う大人の澄んだ味,余裕ある心に染みる出汁,風格ある日に贅沢な一杯,
000907.jpg,洗練された私に合う透明感,都会的な日常に優しい休息,凛とした日々に贅沢な満足,
000908.jpg,クールな私に合う澄んだ味,大胆な私を彩る甘い誘惑,自信に満ちた私へのご褒美,
000909.jpg,洗練された大人の澄んだ味,風格漂う落ち着きの逸品,自信に満ちた贅沢な充足感,
000910.jpg,洗練された一杯をあなたに,上品な装いに合う優しい味,都会的な日常に贅沢な満足,
000911.jpg,渋い風格に合う澄んだ味,色彩豊かな個性に寄り添う,どっしり構えた心を満たす,
000912.jpg,真剣な心に澄み渡る味,静かな休息に温もりを,確かな満足をその身に,
000913.jpg,洗練された美しさを纏う味,凛とした自信を支える一杯,都会的な輝きを添える贅沢,
000914.jpg,洗練された透明感を纏う味,気品ある装いに合う贅沢,自信に満ちた輝きの充足感,
000915.jpg,黒の装いに澄み渡る味,クールな心ほどける甘味,凛とした私へ贅沢な一品,
000916.jpg,知的で軽やかな一杯を,穏やかな心に染みる味,大人の余裕を満たす贅沢,
000917.jpg,上品な装いに合う澄んだ味,軽やかな装いに似合う風味,鍛えた体に嬉しい満足感,
000918.jpg,彩り豊かな装いに合う味,真剣な眼差しに合う温もり,お洒落な二人の満足の一杯,
000919.jpg,彩る装いに合う澄んだ味,歩幅合わせて温まる一杯,会話弾む贅沢な満足感を,
000920.jpg,品格漂う澄み切った味わい,余裕ある大人の優しい味,洗練された装いに合う贅沢,
000921.jpg,華やぐ装いに合う澄んだ味,軽やかな歩みに優しい出汁,お買い物の後の贅沢な満足,
000922.jpg,華やかな装いに合う軽やかさ,お出かけの合間にほっと一息,心弾む午後に贅沢な満足感を,length_not_8_12 | 華やかな装いに合う軽やかさ\nお出かけの合間にほっと一息\n心弾む午後に贅沢な満足感を
000923.jpg,芯のある男に合う澄んだ味,無骨な心に染みる甘い味,鍛えた体に満ちる力強い味,
000924.jpg,洗練された味で心も軽く,華やかな日に優しい一杯,大胆な装いに合う贅沢味,
000925.jpg,粋な装いに合う澄んだ味,品格漂う大人の贅沢な一杯,鍛えた体に満たす至福の量,
000926.jpg,白に映える澄んだ味わい,彩りを添える優しい味,自由な心を満たす贅沢な味,
000927.jpg,洗練された味をあなたに,品格漂う贅沢なひととき,凛とした日々に満たす贅沢,
000928.jpg,洗練された粋な味わいを,品格漂う落ち着いた味を,風格ある贅沢な満足感を,
000929.jpg,心ほどける澄んだ味わいを,上品に楽しむ優しい時間,贅沢に満たす至福の一杯,
000930.jpg,華やかな色に合う澄んだ味,凛とした心に染みる温もり,気品ある姿に贅沢な満足を,
000931.jpg,知的な休息に合う澄んだ味,穏やかな心に沁みる出汁,洗練された姿に合う贅沢,
000932.jpg,洗練された味に浸る時間,落ち着いた心に染みる味,鍛えた体に満ちる充足感,
000933.jpg,軽やかな心に合う澄んだ味,華やかな日々に優しい出汁,前向きな日に弾む贅沢感,
000934.jpg,洗練された味に浸る贅沢,凛とした心を満たす一杯,自信を支える至高の満足,
000935.jpg,凛とした心に澄み渡る味,静かな休息に温もりを,明日への活力を贅沢に,
000936.jpg,洗練された味で心を満たす,品格漂う贅沢なひととき,自信を支える力強い一杯,
000937.jpg,澄んだ心に合う淡い味わい,都会の風に寄り添う温もり,鍛えた体に満ちる充足感,
000938.jpg,心洗われる澄んだ味わいを,静かに浸る出汁の温もり,明日への活力を満たす一杯,
000939.jpg,静寂を包む澄んだ味わい,心まで解かす温もりを,真剣な日々に贅沢な一杯,
000940.jpg,大人の余裕に合う澄んだ味,軽やかな装いに合う温もり,こだわり抜いた贅沢な満足,
000941.jpg,研ぎ澄まされた純白の味,凛とした佇まいに合う甘み,自信に満ちた贅沢な充足感,
000942.jpg,凛とした佇まいに合う味,穏やかな微笑みに添えて,大人の余裕を満たす贅沢,
000943.jpg,太陽の輝きに合う爽快感,心弾むひとときのご褒美,鍛えた体に満ちる充足感,
000944.jpg,澄んだ心に合う優しい味,心ほどける温かなひととき,華やかな日に贅沢な満足を,
000945.jpg,鋭い視線に合う澄んだ味,都会的な装いに合う温もり,凛とした佇まいに合う贅沢,
000946.jpg,蝶ネクタイに合う澄んだ味,知的で軽やかな休息を,余裕ある大人の贅沢な一杯,
000947.jpg,渋い男の澄み渡る一杯,こだわり抜いた大人の味,骨太な男が喰らう満足感,
000948.jpg,鋭い眼差しに澄み渡る味,静寂に寄り添う温もりを,研ぎ澄まされた心を満たす,
000949.jpg,洗練された大人の澄んだ味,余裕ある心を満たす温もり,自信を支える贅沢な充足感,
000950.jpg,澄んだ心に合う優しい味,大人の余裕に浸る温もり,こだわり派に贈る贅沢飯,
000951.jpg,澄んだ瞳に合う透明感,凛とした佇まいに寄り添う,都会的な個性を満たす味,
000952.jpg,品格漂う澄んだ味わいを,余裕ある大人の優しい味,洗練された贅沢な満足感を,
000953.jpg,洗練された味で心を満たす,凛とした姿に合う温もりを,鋭い感性を満たす贅沢な味,
000954.jpg,凛とした心に澄み渡る味,静寂を纏う心に温もりを,揺るがぬ自信に満ちる贅沢,
000955.jpg,洗練された美しさに合う味,上品な装いに寄り添う一杯,凛とした佇まいに贅沢を,
000956.jpg,洗練された美しさに合う味,凛とした佇まいに寄り添う,都会的な感性を満たす贅沢,
000957.jpg,華やかな装いに澄んだ一杯,彩る日々に優しい温もりを,凛とした心を満たす贅沢を,
000958.jpg,洗練された美しさに合う味,都会的なあなたへ贈る一杯,凛とした姿に満ちる贅沢,
000959.jpg,洗練された一杯で心整う,端正な身なりに合う逸品,鍛えた体に満ちる充足感,
000960.jpg,穏やかな心に染みる味,軽やかな歩みに寄り添う,凛とした日々に贅沢を,
000961.jpg,軽やかに味わう澄んだ一杯,華やぐ笑顔に合う優しい味,心躍る街歩きのご褒美飯,
000962.jpg,鋭い視線に澄みわたる味,凛とした佇まいに温もりを,強い個性に満ちる贅沢を,
000963.jpg,知的な休息に澄んだ一杯を,彩る装いに温かな出汁を,都会的な歩みに贅沢な味を,
000964.jpg,洗練された味で心を満たす,彩りある日に優しい温もり,凛とした私への贅沢ご褒美,
000965.jpg,洗練された美しさに合う味,都会的な装いに寄り添う味,凛とした佇まいに合う贅沢,
000966.jpg,知的な感性に澄み渡る味,落ち着いた心に染みる甘味,真剣な日々に贅沢な充足を,
000967.jpg,洗練された味で心を満たす,都会の喧騒を忘れさせる味,自信に満ちた贅沢なひと時,
000968.jpg,洗練された味で心も軽く,上品な彩りと優しい心地,都会的な贅沢を頬張る時,
000969.jpg,洗練された一杯をあなたに,凛とした心に温もりを,自信に満ちた贅沢な時間を,
000970.jpg,白に映える澄んだ味わいを,軽やかな装いに合う甘みを,洗練された姿に満ちる力を,
000971.jpg,軽やかに味わう澄んだ一杯,ゆったり心ほどける甘い味,鍛えた体に贅沢な満足感を,
000972.jpg,洗練された私へのご褒美に,軽やかな足取りに合う味,自信に満ちた私に相応しい,
000973.jpg,軽やかに味わう澄んだ一杯,ゆるやかに心ほどける味,凛とした姿に合う贅沢感,
000974.jpg,洗練された味で心ほどける,彩り添える優しいひととき,凛とした日々に贅沢な一杯,
000975.jpg,澄んだ心に合う優しい味,静寂に寄り添う温もりを,凛とした日々に贅沢な一杯,
000976.jpg,お喋りの合間にさっぱりと,笑顔弾む温かなひととき,賑やかな会話に満足感を,
000977.jpg,お喋り弾む澄んだ味わい,笑い合う心温まる一杯,賑やかな集いに贅沢な味,
000978.jpg,お喋りの合間にさっぱりと,笑顔弾む心温まる一杯,賑やかな会話に満足感を,
000979.jpg,凛とした姿に合う澄んだ味,穏やかな心に染みる甘み,気品ある体に満ちる活力,
000980.jpg,鋭い感性に澄み渡る味を,こだわり抜いた粋な一杯,芯のある君に贅沢な満足を,
000981.jpg,華やかな笑顔に合う澄んだ味,軽やかな装いに合う優しい味,健康的でアクティブな贅沢を,length_not_8_12 | 華やかな笑顔に合う澄んだ味\n軽やかな装いに合う優しい味\n健康的でアクティブな贅沢を
000982.jpg,洗練された味で心整える,端正な身なりに合う逸品,仕事の合間に贅沢な充足,
000983.jpg,温もり包む優しい味,心ほどける甘いひととき,満足感ある贅沢な一杯,
000984.jpg,大人の余裕に合う澄んだ味,穏やかな心に染みる出汁,こだわりを堪能する贅沢,
000985.jpg,澄んだ心に合う淡い味わい,編み上げ髪に似合う上品さ,真剣な瞳に合う贅沢な一杯,
000986.jpg,澄んだ心に合う優しい味,穏やかな時に浸る出汁の香,充実した日々に贅沢な一杯,
000987.jpg,心ほどける澄んだ味わい,ふんわり包む優しい時間,心を満たす贅沢なひととき,
000988.jpg,静寂に溶ける澄んだ味わい,心ほどける優しい温もり,孤独を満たす贅沢な充足感,
000989.jpg,洗練された味で心を満たす,上品な装いに合う優しい味,都会的な日常に贅沢な一杯,
000990.jpg,洗練された身なりに合う味,凛とした佇まいに寄り添う,端正な姿にふさわしい贅沢,
000991.jpg,洗練された身なりに合う味,端正な佇まいに寄り添う味,凛とした姿にふさわしい味,
000992.jpg,澄んだ心に合う優しい味,穏やかな時に浸る温もり,凛とした日に満ちる満足感,
000993.jpg,凛とした心に澄み渡る味,静寂に寄り添う温もりを,気高き心を満たす贅沢を,
000994.jpg,洗練された粋な味わいを,品格漂う大人の選択を,自信に満ちた贅沢な一杯,
000995.jpg,粋な大人の澄んだ一杯を,知的な休息に優しい味を,信念ある男の贅沢な飯を,
000996.jpg,都会的な装いに合う贅沢感,華やかな装いに合う澄んだ味,洗練された装いに合う温もり,length_not_8_12 | 華やかな装いに合う澄んだ味\n洗練された装いに合う温もり\n都会的な装いに合う贅沢感
000997.jpg,華やかな彩りに合う一杯,洗練された大人の贅沢を,都会的な装いに合う満足感,
000998.jpg,洗練された美しさに合う味,都会的な装いに寄り添う味,華やかな日常に贅沢な一杯,
000999.jpg,洗練された大人の澄んだ味,粋な装いに合う上品な一杯,余裕ある男の贅沢な満足感,
001000.jpg,洗練された美しさに合う味,気品あるあなたへ贈る逸品,華やかな日常に贅沢な一杯,
001001.jpg,白ドレスに合う澄んだ味,清楚な姿に寄り添う出汁,華やかな日に贅沢な一杯,
001002.jpg,洗練された美しさに合う味,凛とした佇まいに寄り添う,華やかな装いにふさわしい,
001003.jpg,鋭い視線に合う澄んだ味,芯のある強さに温もりを,鍛えた体に満ちる満足感,
001004.jpg,洗練された味で心満たして,穏やかなひとときを添えて,都会的なあなたに合う贅沢,
001005.jpg,自由な心に澄み渡る味,軽やかな装いに合う一杯,自分らしさを満たす贅沢,
001006.jpg,凛とした美しさに澄む味,気品ある歩みに寄り添う,自信に満ちた贅沢な充足,
001007.jpg,品格漂う澄んだ味わいを,穏やかな時に浸る出汁,風格ある贅沢な満足感を,
001008.jpg,洗練された美しさを味わう,凛とした佇まいに合う味,鍛えた体に贅沢なご褒美,
001009.jpg,粋な黒に合う澄んだ味わい,大人の余裕に浸る温もりを,鍛えた体に力強い満足感を,
001010.jpg,清潔感ある一杯で心整う,品格漂う出汁の深い味わい,余裕ある大人の贅沢な時間,
001011.jpg,凛とした身に澄み渡る味,静かな心を満たす温もり,鍛えた体に力強い充足を,
001012.jpg,澄んだ心に合う一杯を,穏やかな時に寄り添う味,芯のある体に満ちる幸,
001013.jpg,洗練された味をスマートに,品格漂う大人の休息に,自信に満ちた充足感を,
001014.jpg,澄んだ心に合う透明感,清楚な装いに優しい味,凛とした姿に満たす贅沢,
001015.jpg,黒の装いに合う澄んだ味,都会に溶け込む上品な一杯,洗練された姿に贅沢な満足,
001016.jpg,洗練された味で心整える,端正な身なりに合う逸品,真剣な日々に贅沢な一杯,
001017.jpg,洗練された味で心を満たす,上品なひとときをあなたに,都会的な贅沢を頬張る時,
001018.jpg,大人の余裕に合う澄んだ味,落ち着いた心に染みる出汁,肩幅に負けない贅沢な満足,
001019.jpg,洗練された美しさを維持,自信に満ちた軽やかな味,堂々たる風格に合う贅沢,
001020.jpg,凛とした心に澄み渡る味,品格漂う穏やかなひととき,背筋を伸ばし満ちる満足感,
001021.jpg,洗練された味に浸る時間,静寂に寄り添う温もりを,こだわりを満たす贅沢を,
001022.jpg,澄んだ心に合う透明な味,知的な休息に温かな一杯,真剣な日々に贅沢な満足,
001023.jpg,凛とした心に澄み渡る味,静寂に寄り添う温もりを,芯のあるあなたに満ちる幸,
001024.jpg,穏やかな心に澄み渡る味,大人の余裕を包む温もり,芯ある強さを満たす贅沢,
001025.jpg,鋭い視線に合う澄んだ味,ストリートに似合う温もり,こだわりを貫く贅沢な一杯,
001026.jpg,鍛えた体に染みる塩味,心ほどける優しい味わい,力強い体に最高の満足感,
001027.jpg,鍛えた体に染みる塩味,心ほどける優しい味わい,力強い一杯で活力を,
001028.jpg,洗練された味で心を満たす,凛とした姿に合う優しい味,都会的な感性を満たす贅沢,
001029.jpg,華やぐ装いに合う澄んだ味,鍛えた体に染みる優しい味,心身を整える贅沢な満足感,
001030.jpg,穏やかな心に染みる味,落ち着いたひと時に最適,日々の充足感をこの一杯で,
001031.jpg,洗練された私へのご褒美に,自信に満ちた午後の休息に,都会的な美しさを満たす味,
001032.jpg,澄み渡る心に合う淡い味,静かな時に寄り添う温もり,凛とした日々に満ちる活力,
001033.jpg,華やかな個性に合う透明感,彩り豊かな装いに合う甘味,堂々たる歩みに合う満足感,
001034.jpg,クールに澄みわたる味わい,静寂に寄り添う優しい味,研ぎ澄まされた贅沢な一品,
001035.jpg,鋭い感性に合う澄んだ味,クールに嗜む出汁の香り,鍛えた体に贅沢な満足を,
001036.jpg,凛とした心に澄み渡る味,気品あるひと時に温もりを,隙のない日々に贅沢な満足,
001037.jpg,華やかな装いに澄んだ味を,洗練された姿に優しい出汁,鍛えた体に贅沢な満足感を,
001038.jpg,華やかな姿に合う澄んだ味,洗練された装いに優しい味,鍛えた体に満ちる贅沢な味,
001039.jpg,洗練された味で心整える,静かなひとときに染みる味,凛とした姿に合う贅沢を,
001040.jpg,洗練された大人の澄んだ味,余裕ある心に染みる出汁,自信に満ちた贅沢な一杯,
001041.jpg,大人の余裕に合う澄んだ味,心ほどける温かなひととき,贅沢な充足感で満たされて,
001042.jpg,集中した心に澄み渡る味,凛とした姿に温もりを,前向きな日に力強い一杯,
001043.jpg,洗練された一杯で心弾む,上品な装いに合う温もり,都会的な私へのご褒美に,
001044.jpg,洗練された透明感を纏って,華やかな個性を満たす味,凛とした美しさに合う贅沢,
001045.jpg,洗練された粋な味わいを,余裕ある大人の休息に,品格漂う贅沢な充足感,
001046.jpg,ふわふわドレスに合う味,お姫さまの特別な一杯,ピンクの服に似合う贅沢,
001047.jpg,輝く笑顔に合う澄んだ味,軽やかな装いに合う一杯,洗練された姿に合う贅沢,
001048.jpg,洗練された味で心を満たす,知的で軽やかなひとときを,自信に満ちた贅沢なご褒美,
001049.jpg,洗練された澄みわたる味,凛とした佇まいに合う味,美しき芯を支える充足感,
001050.jpg,清潔感ある一杯で心洗われ,粋な装いに合う優しい味,余裕ある日に贅沢な満足を,
001051.jpg,凛とした心に澄み渡る味,芯ある美しさに優しい甘み,鍛えた体に満ちる満足感,
001052.jpg,洗練された味で心を満たす,落ち着いた時に寄り添う味,凛とした日々に贅沢な一杯,
001053.jpg,華やぐ赤に合う澄んだ味,彩り鮮やかな日々に優しく,凛とした姿に贅沢な満足を,
001054.jpg,知的で洗練された一杯を,品格ある大人の休息に,余裕ある心を満たす味,
001055.jpg,澄んだ心に合う純粋な味,静寂に寄り添う温かな一杯,真摯な日々に贅沢な充足を,
001056.jpg,凛とした私に合う透明感,自信を纏う上品な味わい,前を向く強さを力に変えて,
001057.jpg,洗練された味で心も軽く,上品なひとときをあなたに,華やかな気分で満たされて,
001058.jpg,澄んだ景色に合う一杯を,心ほどける優しい味わい,旅の疲れを癒やす贅沢を,
001059.jpg,澄んだ瞳に合う透明感,上品な装いに優しい味,洗練された美に満ちる力,
001060.jpg,粋な装いに合う澄んだ味,余裕ある午後の優しい味,自信に満ちた贅沢な満足感,
001061.jpg,華やかな日に合う澄んだ味,心ほどける優しいひととき,上品に楽しむ贅沢な満足感,
001062.jpg,洗練された大人の澄んだ味,落ち着いた心に染みる出汁,こだわり抜いた贅沢な一杯,
001063.jpg,洗練された体に澄み渡る味,黒の装いに寄り添う温もり,凛とした姿に満ちる満足感,
001064.jpg,洗練された美しさに合う味,凛とした佇まいに寄り添う,都会的な装いに贅沢な一杯,
001065.jpg,洗練された味で心を満たす,穏やかな時に寄り添う味,都会的な贅沢を頬張る,
001066.jpg,洗練された味をあなたに,上品なひとときを添えて,華やかな日々に贅沢を,
001067.jpg,洗練された味で心を満たす,落ち着いた時に浸る温もり,都会的な感性に響く贅沢,
001068.jpg,黒い孤独に澄み切った一杯,憂い溶かす温かな甘み,静寂を埋める贅沢な満足,
001069.jpg,凛とした心に澄みわたる味,黒い装いに合う優しい甘味,都会的な感性を満たす贅沢,
001070.jpg,洗練された味を静かに嗜む,粋な装いに合う温もりを,個性を彩る贅沢な一皿を,
001071.jpg,黒髪カールに合う澄んだ味,都会的な装いに似合う出汁,真剣な眼差しに満ちる活力,
001072.jpg,若々しい刺激を味わおう,落ち着いた大人の休息に,真剣な心を満たす贅沢を,
001073.jpg,洗練された美しさに合う味,大人の余裕を彩る一杯を,都会的な日常に贅沢な一皿,
001074.jpg,軽やかな心に合う澄んだ味,優しい笑顔に寄り添う出汁,華やかな日々に贅沢な満足,
001075.jpg,清潔感ある一杯で心整える,余裕ある大人の落ち着く味,自信を支える贅沢な満足感,
001076.jpg,澄んだ心に合う淡い味わい,大人の余裕を包む優しい味,日々の疲れを癒やす贅沢飯,
001077.jpg,清潔感ある大人の休息に,余裕ある心に染みる味,仕事終わりの贅沢な一杯,
001078.jpg,洗練された味で心を満たす,静かな時に寄り添う温もり,凛とした日々に贅沢な一杯,
001079.jpg,洗練された味で心整える,都会の喧騒に温もりを,多忙な日に贅沢な充足を,
001080.jpg,自由な感性に合う澄んだ味,飾らぬ心に寄り添う甘み,自分らしさを満たす贅沢,
001081.jpg,品格漂う澄んだ味わいを,落ち着いた心に染みる味,風格ある充足感をあなたに,
001082.jpg,品格漂う澄んだ味わいを,余裕ある大人の優しい味,粋な装いに合う贅沢な一品,
001083.jpg,洗練された味で心整える,品格ある一杯で癒やされて,自信に満ちた贅沢な満足感,
001084.jpg,洗練された味を軽やかに,芯のあるあなたに温もりを,都会的な贅沢を頬張る,
001085.jpg,凛とした心に澄み渡る味,上品に嗜む大人の甘み,クールな日に贅沢な満足,
001086.jpg,静寂を纏う澄んだ味わい,落ち着いた心に温もりを,芯ある私に贅沢な充足を,
001087.jpg,洗練された澄み切る味わい,気品漂う贅沢なひととき,自信を纏う至高の満足感,
001088.jpg,洗練されたあなたに合う味,都会的な装いに合う逸品,華やかな日々に添える贅沢,
001089.jpg,洗練された美しさに合う味,華やかな装いに添える彩り,都会的な二人の贅沢時間,
001090.jpg,洗練された味を軽やかに,華やかな日々に優しい彩り,都会の歩みに贅沢な満足感,
001091.jpg,洗練された美しさに合う味,淑やかな微笑みに添えて,凛とした佇まいに贅沢を,
001092.jpg,凛とした心に澄みわたる味,黒い装いに似合う上品さ,真剣な日々に贅沢な充足感,
001093.jpg,凛とした心に澄み渡る味,静寂に寄り添う温もりを,品格ある贅沢な充足感,
001094.jpg,鋭い眼差しに合う澄んだ味,凛とした佇まいに優しい味,真っ直ぐな心を満たす贅沢,
001095.jpg,洗練された味で心を満たす,凛とした日々に温もりを,都会的な感性に合う贅沢,
001096.jpg,洗練された粋な味わいを,クールに嗜む大人の味,個性を満たす贅沢な一品,
001097.jpg,澄んだ心に合う淡い味わい,甘い誘惑に心ほどける時,強い意志を満たす贅沢な味,
001098.jpg,洗練された美しさに合う味,静寂を彩る上品なひととき,凛とした心を満たす贅沢を,
001099.jpg,澄んだ心に合う清らかな味,静かな時に浸る優しい出汁,鍛えた体に満ちる力強い飯,
001100.jpg,洗練された大人の澄んだ味,余裕ある心に染みる出汁,知的で力強い満足感を,
001101.jpg,洗練された味で心も軽く,上品な甘みでほっと一息,華やかな気分で贅沢に,
001102.jpg,澄んだ心に合う透明な味,静かな午後に染みる温もり,凛とした私への贅沢な一杯,
001103.jpg,洗練された身軽な一杯を,落ち着いた心に染みる味,芯のある強さを満たす飯,
001104.jpg,洗練された私へのご褒美,大人の余裕を味わう一杯,都会の風に合う贅沢感,
001105.jpg,陽気な心に合う澄んだ味,快活な笑顔に似合う甘み,自信に満ちた力強い満足感,
001106.jpg,黒い装いに澄み渡る味を,都会を歩く心に温もりを,凛とした姿に満ちる力を,
001107.jpg,洗練された粋な味わいを,都会的な余裕の一杯を,粋な装いに合う贅沢を,
001108.jpg,澄んだ心に合う透明な味,温もりで解かす集中した心,贅沢な彩りで気分を上げる,
001109.jpg,品格漂う澄んだ味わいを,余裕ある大人の贅沢な味,風格にふさわしい満足感,
001110.jpg,ストイックに澄み渡る味,静かに心を満たす温もり,鍛えた体に力強い充足感,
001111.jpg,澄んだ心に合う淡い味わい,落ち着いた時に浸る出汁,こだわり抜いた大人の贅沢,
001112.jpg,洗練された美しさに合う味,彩る装いに寄り添う温もり,凛とした佇まいに満ちる幸,
001113.jpg,爽やかな笑顔に合う一杯,心弾む彩りのひとときを,軽やかな日々に贅沢な味,
001114.jpg,鋭い感性に澄み切る味,個性を彩る優しい出汁,芯のある私に贅沢な一杯,
001115.jpg,洗練された味で心整える,品格漂う大人の贅沢時間,自信に満ちた日の充足感,
001116.jpg,粋な大人の澄み渡る味,余裕ある心に染みる温もり,自信を支える贅沢な満足感,
001117.jpg,静寂に溶ける澄んだ味わい,心まで温まる優しい時間,凛とした姿に満ちる活力,
001118.jpg,洗練された味で心ほどける,凛とした日々に温もりを,都会的な私へのご褒美を,
001119.jpg,洗練された純白の味わい,凛とした佇まいに合う甘み,自信を支える贅沢な充足感,
001120.jpg,赤に映える澄んだ味わい,自信を彩る上品な一杯,大胆に頂く至高の贅沢,
001121.jpg,品格漂う澄んだ味わいを,紳士に似合う伝統の味を,落ち着いた贅沢なひと時を,
001122.jpg,凛とした心に澄み渡る味,静かな時間に染みる温もり,芯ある日々に満ちる贅沢,
001123.jpg,洗練された軽やかな味わい,大人の余裕に合う優しい味,都会的な装いに贅沢な一品,
001124.jpg,大人の余裕に合う澄んだ味,華やかな装いに優しい出汁,リラックスして頬張る贅沢,
001125.jpg,大人の余裕に合う澄んだ味,華やかな装いに寄り添う味,気取らぬ姿に似合う満足感,
001126.jpg,穏やかな心に染みる味,華やぐ装いに合う一杯,心ほどける贅沢な時間,
001127.jpg,凛とした心に澄み渡る味,静寂に寄り添う温もりを,芯のあるあなたに贅沢を,
001128.jpg,洗練された大人の澄んだ味,落ち着いた心に染みる出汁,自信に満ちた贅沢な満足感,
001129.jpg,洗練された味で心ほどける,上品な出汁が体に染み込む,凛とした日々に贅沢な一杯,
001130.jpg,澄みわたる美しさを添えて,華やかな彩りに合う上品さ,自信を支える贅沢な満足感,
001131.jpg,清楚な心に合う澄んだ味,白く可憐な姿に寄り添う,凛とした美しさに満ちる,
001132.jpg,粋な大人が選ぶ出汁の香り,個性を満たす贅沢な満足感,こだわり抜いた澄んだ味わい,length_not_8_12 | こだわり抜いた澄んだ味わい\n粋な大人が選ぶ出汁の香り\n個性を満たす贅沢な満足感
001133.jpg,洗練された味で心も軽く,上品に味わう贅沢な時間,凛とした私に合うご褒美,
001134.jpg,白の装いに合う澄んだ味,上品な姿に寄り添う出汁,洗練された日の贅沢な一杯,
001135.jpg,渋い男の澄みわたる一杯,大人の余裕を包む甘い味,骨太な体に満ちる満足感,
001136.jpg,心ほどける澄んだ味わいを,静かな時間に温もりを,自分へのご褒美に贅沢を,
001137.jpg,洗練された澄んだ味わいを,静寂に寄り添う優しい味,凛とした心を満たす贅沢,
001138.jpg,洗練された白の調べ,静寂を纏う出汁の味,黒に映える贅沢な一品,
001139.jpg,渋い表情に合う澄んだ味,真面目な心に染みる温もり,信念を支える力強い満足感,
001140.jpg,職人の技に合う澄んだ味,こだわり抜いた出汁の香り,信念を支える贅沢な満足,
001141.jpg,穏やかな心に澄み渡る味,品格漂う大人の落ち着き,余裕ある午後の贅沢な一杯,
001142.jpg,澄んだ心に合う透明感,端正な佇まいに寄り添う,芯ある強さを満たす一杯,
001143.jpg,洗練された味で心を満たす,凛とした私に合う優しい味,集中した後の贅沢なご褒美,
001144.jpg,洗練された体に澄んだ一杯,都会的な余裕に合う温もり,鍛えた肉体に満ちる充足感,
001145.jpg,凛とした心に澄み渡る味,落ち着いた時に温まる一杯,洗練された日に贅沢な満足,
001146.jpg,都会派な君に合う澄んだ味,余裕ある午後に沁みる出汁,洗練された身に満ちる活力,
001147.jpg,鋭い視線に合う澄んだ味,静寂に寄り添う温もりを,凛とした心を満たす贅沢,
001148.jpg,軽やかな心に澄んだ一杯を,温もり包む優しいひととき,前向きな日に贅沢な満足感,
001149.jpg,仕事の合間に染みる塩気,忙しい心に温かい出汁,充実した腹で切り拓け,
001150.jpg,洗練された大人の澄んだ味,こだわり派に合う優しい味,余裕ある男に似合う贅沢感,
001151.jpg,洗練された味で心を満たす,余裕ある大人の贅沢な一杯,自信に満ちた日の満足感を,
001152.jpg,華やかな装いに澄んだ味を,個性が光る贅沢なひととき,彩り豊かな心を満たす一杯,
001153.jpg,身だしなみ整う澄んだ味,大人の余裕を包む出汁,仕事への意欲を力に変え,
001154.jpg,落ち着いた心に澄んだ一杯,大人の余裕に合う優しい味,肩幅に合う贅沢な満足感,
001155.jpg,澄み渡る心に合う一杯を,静寂に寄り添う優しい味,真摯に生きる身へのご褒美,
001156.jpg,洗練された味で心を満たす,落ち着いた時に寄り添う味,都会的な日に贅沢な一品,
001157.jpg,洗練された味で心を満たす,静寂に寄り添う温もりを,都会的な贅沢を頬張る,
001158.jpg,洗練された味で心を満たす,上品なひとときを添えて,都会的な贅沢を味わう,
001159.jpg,気品ある澄んだ味わいを,伝統を愛する粋な一杯,風格にふさわしい贅沢を,
001160.jpg,知的で爽やかな一杯を,心ほどける優しい味わい,自信に満ちた贅沢な満足,
001161.jpg,黒の装いに澄み渡る一杯,静寂に寄り添う優しい味,凛とした心を満たす贅沢,
001162.jpg,洗練された贅沢な休息を,上品なひとときを添えて,都会的な充足感を満たす,
001163.jpg,澄んだ味で心身を整えて,出汁の香りで一息ついて,ガッツリ食べて明日へ挑む,
001164.jpg,洗練された大人の澄んだ味,落ち着いた心に沁みる出汁,鍛えた体に贅沢な満足感を,
001165.jpg,洗練された味で心を満たす,凛とした私に合う優しい味,都会的な私を支える贅沢,
001166.jpg,知的な休息に澄んだ一杯を,落ち着いた心に染みる出汁,自信ある日に贅沢な満足を,
001167.jpg,大人の余裕に合う澄んだ味,心ほどける優しいひととき,こだわり派に贈る贅沢な一杯,length_not_8_12 | 大人の余裕に合う澄んだ味\n心ほどける優しいひととき\nこだわり派に贈る贅沢な一杯
001168.jpg,洗練された身のこころに,端正な佇まいに寄り添い,鍛えた体に満ちる活力,
001169.jpg,洗練された味をあなたに,凛とした心に染みる味,都会的な贅沢を堪能して,
001170.jpg,黒い装いに合う澄んだ味,穏やかな心に染みる出汁,広い肩に合う贅沢な量,
001171.jpg,凛とした黒に合う澄んだ味,静寂を纏う心に温もりを,洗練された日常に贅沢を,
001172.jpg,洗練された澄み渡る味わい,凛とした佇まいに合う甘味,隙のない美しさに満ちる味,
001173.jpg,洗練された味で心整える,大人の余裕に合う優しい味,目的ある一日に力強い味,
001174.jpg,心ほどける澄んだ味わいを,温もりで不安を包み込んで,贅沢な充足で心を満たして,
001175.jpg,凛とした心に澄み渡る味,芯のあるあなたに優しい味,前向きな意志を支える活力,
001176.jpg,心ほどける澄んだ味わいを,温もり包む優しいひととき,心を満たす贅沢なご褒美を,
001177.jpg,澄んだ心に合う淡い味わい,静かな時に染みる優しい味,集中した体に満ちる充足感,
001178.jpg,凛とした私に合う澄んだ味,颯爽と歩く私へのご褒美,自信に満ちた私を支える味,
001179.jpg,洗練された大人の澄んだ味,気品漂う心温まるひととき,都会的な美しさに合う贅沢,
001180.jpg,気品あるひとときを添えて,優雅な心を満たす温もりを,洗練された贅沢な味わいを,
001181.jpg,洗練された心に澄み渡る味,優雅なひとときに温もりを,凛とした日々に贅沢な一杯,
001182.jpg,知的で軽やかな味わいを,丸い笑顔に合う優しい味,こだわり派に贈る満足感,
001183.jpg,粋な装いに合う澄んだ味,自信に満ちた心に温もりを,情熱的な色に合う贅沢を,
001184.jpg,静寂に溶ける澄んだ味わい,落ち着いた心に優しい甘み,凛とした日々に満ちる満足,
001185.jpg,凛とした心に澄みわたる味,芯の強さを包む優しい味,妥協なき日々に贅沢な一杯,
001186.jpg,穏やかな心に合う澄んだ味,和やかな笑顔に添える甘み,ゆったり心満たす贅沢な時,
001187.jpg,気品漂う澄んだ味わいを,優雅に楽しむ至福の時を,華やかな日々に贅沢な一杯,
001188.jpg,洗練された澄み切る味わい,凛とした姿に合う優しさ,自信を纏う贅沢な満足感,
001189.jpg,粋な装いに合う澄んだ味,大人の余裕を味わう一杯,自信に満ちた贅沢な満足感,
001190.jpg,仕事の合間に澄み渡る味,凛とした心に染みる出汁,気概を養う贅沢な一杯,
001191.jpg,洗練された味を日常に,凛とした心に温もりを,都会的な私へのご褒美,
001192.jpg,洗練された輝きを添えて,凛とした美しさを纏って,気品ある姿に相応しい味,
001193.jpg,鍛えた体に染みる澄んだ味,心温まる穏やかなひととき,力強い心身を満たす贅沢を,
001194.jpg,華やかな日々に澄み渡る味,上品な装いに合う優しい味,心弾む午後に贅沢なご褒美,
001195.jpg,清潔感ある大人の休息に,品格漂う穏やかなひととき,洗練された日常のご褒美に,
001196.jpg,洗練された体に澄み渡る味,凛とした心に染みる温もり,鍛えた体に満たす充足感,
001197.jpg,色彩豊かな心に澄む味,陽気に弾ける出汁の香り,華やかな気分を満たす贅沢,
001198.jpg,澄んだ心に合う淡い味わい,静かなひと時に温もりを,凛とした姿に満ちる活力,
001199.jpg,洗練された味をシンプルに,心ほどける優しいひととき,こだわり抜いた贅沢な満足,
001200.jpg,洗練された大人の澄んだ味,軽やかな装いに合う温もり,知的な休息に贅沢な満足を,
001201.jpg,リボンに似合う澄んだ味,個性を彩る温かな一杯,リュックに合う満足感,
001202.jpg,リボンに似合う澄んだ味,個性を彩る優しい出汁,自由な歩みに満ちる活力,
001203.jpg,粋な大人の澄んだ味わい,渋い男に似合う出汁の味,鍛えた体に満ちる満足感,
001204.jpg,凛とした心に澄み渡る味,静寂に寄り添う出汁の香り,厳格な日々に贅沢な充足を,
001205.jpg,大人の余裕に合う澄んだ味,落ち着いた時に沁みる出汁,仕事の合間に贅沢な満足感,
001206.jpg,洗練された私へのご褒美,凛とした心を満たす一杯,都会的な美しさに贅沢を,
001207.jpg,澄んだ心に合う優しい味,心ほどける温かなひと時,満たされる贅沢な充足感,
001208.jpg,穏やかな心に染みる味,心ほどける優しい出汁,満足感ある贅沢な一杯,
001209.jpg,洗練された透明感を纏う味,凛とした佇まいに合う甘み,自信溢れる私へのご褒美,
001210.jpg,華やかな赤に合う澄んだ味,大人の余裕に優しい甘みを,洗練された姿に贅沢な一杯,
001211.jpg,知的で澄んだ味わいを,落ち着いた心に染みる,仕事の合間に贅沢な一杯,
001212.jpg,澄んだ心に合う淡い味わい,華やかな装いに優しい出汁,凛とした日々に贅沢な満足,
001213.jpg,快走後の体に染みる味,アクティブな心を満たす,活動的な日に贅沢な一杯,
001214.jpg,清潔感あるあなたに合う味,余裕あるひと時に優しい味,活動的な体に満ちる満足感,
001215.jpg,鋭い眼差しに澄み渡る味,装いに馴染む上品な甘み,洗練された姿に満ちる力,
001216.jpg,こだわり抜いた至福の一杯,品格漂う大人の贅沢な味,風格ある体に満たす満足感,
001217.jpg,洗練された身のこなしに,穏やかな心を満たす味,知的で快活な日の贅沢,
001218.jpg,硬派な心に染みる澄んだ味,無骨な夜を温める甘い誘惑,真剣な空腹を満たす贅沢飯,
001219.jpg,洗練された味で心も軽く,上品な甘みでほっと一息,仕事終わりの贅沢なご褒美,
001220.jpg,洗練された身軽な一杯を,軽やかな歩みに合う味を,都会的な装いに合う贅沢を,
001221.jpg,澄み渡る心に合う一杯,穏やかな時に浸る味わい,研ぎ澄まされた体に贅沢,
001222.jpg,知的な休息に澄んだ一杯を,端正な装いに合う温もりを,真剣な日々に贅沢な充足を,
001223.jpg,都会的な私に合う澄んだ味,凛とした私へ優しい甘みを,集中した心を満たす贅沢を,
001224.jpg,洗練された味で心ほどける,ふたりで分かち合う温もり,都会の昼に贅沢な満足感,
001225.jpg,洗練された味を二人で。,心ほどける温もりを。,都会的な贅沢を頬張る。,
001226.jpg,仕事の合間に澄んだ一杯を,心ほぐれる優しい味わい,明日への活力を満たす丼,
001227.jpg,静寂に溶ける澄んだ味わい,落ち着いた心に温もりを,鋭い感性を満たす贅沢を,
001228.jpg,凛とした心に澄み渡る味,赤い彩りに合う温もりを,都会を歩く贅沢な充足感,
001229.jpg,凛とした心に澄み渡る味,気品ある姿に寄り添う甘み,芯のある強さを満たす贅沢,
001230.jpg,洗練された味をあなたに,気品漂う至福のひととき,紳士に相応しい贅沢な味,
001231.jpg,知的な休息に合う澄んだ味,上品な装いに添える温もり,親密な時間に贅沢な満足を,
001232.jpg,研ぎ澄ます心に澄んだ一杯,余裕ある大人の静かな休息,自信を支える力強い満足感,
001233.jpg,大人の余裕に合う澄んだ味,心ほどける穏やかなひと時,こだわり抜いた贅沢な満足,
001234.jpg,澄んだ心に合う淡い味わい,穏やかな笑顔に寄り添う味,凛とした姿に満ちる活力,
001235.jpg,軽やかな私に合う澄んだ味,上品な装いに優しい出汁を,華やかな気分で贅沢な一杯,
001236.jpg,澄んだ心に合う淡い味わい,心ほどける温かなひととき,真剣な日を支える満足感,
001237.jpg,個性が光る澄んだ味わいを,華やかな日に心温まる一杯,洗練された贅沢な満足感を,
001238.jpg,澄んだ心に合う淡い味わい,落ち着いた時に沁みる出汁,真剣な日にふさわしい贅沢,
001239.jpg,凛とした心に澄みわたる味,黒い装いに合う温もりを,都会的な私への贅沢ご褒美,
001240.jpg,澄んだ心に合う淡い味わい,温もり包む優しいひととき,心を満たす贅沢な満足感,
001241.jpg,洗練された一杯で心潤う,軽やかな笑顔に合う出汁,凛とした美しさに満ちる,
001242.jpg,洗練された粋な味わいを,落ち着いた心に染みる味,こだわり抜いた贅沢な一杯,
001243.jpg,澄み切った視線に合う一杯,静寂を纏う大人の味わい,凛とした心を満たす贅沢,
001244.jpg,洗練された身なりに合う味,彩りある装いに温もりを,都会的な感性に満ちる味,
001245.jpg,情熱を込めて啜る一杯,粋な装いに合う出汁の味,語り尽くす力強い満足感,
001246.jpg,品格漂う澄んだ味わいを,心ほどける温かなひととき,背筋伸びる贅沢な満足感,
001247.jpg,粋な装いに合う澄んだ味,心ほどける穏やかな一杯,余裕ある大人の贅沢な膳,
001248.jpg,穏やかな心に澄んだ味わい,柔らかな日々に優しい出汁,軽やかな装いに贅沢な満足,
001249.jpg,凛とした心に澄み渡る味,静寂に寄り添う温もりを,洗練された体に満たす贅沢,
001250.jpg,洗練された美に澄み渡る味,凛とした佇まいに温もりを,鋭い眼差しを満たす贅沢を,
001251.jpg,凛とした心に澄みわたる味,静寂を纏い温もりを添えて,洗練された贅沢な充足感,
001252.jpg,知的な休息に澄んだ一杯を,穏やかな心に温かい出汁を,真剣な日に贅沢な満足感を,
001253.jpg,洗練された味で心ほどける,凛とした日々に優しい彩り,黒の装いに似合う贅沢感,
001254.jpg,凛とした心に澄み渡る味,芯ある日々に満ちる充足感,静寂に寄り添う優しい温もり,length_not_8_12 | 凛とした心に澄み渡る味\n静寂に寄り添う優しい温もり\n芯ある日々に満ちる充足感
001255.jpg,鋭い眼差しに合う澄んだ味,静寂を纏う心に温もりを,こだわり抜いた至高の満足,
001256.jpg,淡い色に合う澄んだ味わい,静かな心を満たす優しい味,芯のある君に似合う満足感,
001257.jpg,洗練された美しさに合う味,華やかな装いに寄り添う味,自信に満ちたあなたへの味,
001258.jpg,白く澄んだ心に合う一杯,洗練された粋な味わいを,凛とした佇まいに満たす,
001259.jpg,洗練された大人の澄んだ味,余裕ある休息に温もりを,自信に満ちた贅沢な満足感,
001260.jpg,彩り豊かな日々に合う味,軽やかな心を満たす一杯,洗練された私へのご褒美,
001261.jpg,澄んだ心で味わう一杯,穏やかな時に寄り添う味,男二人の腹を満たす贅沢,
001262.jpg,澄んだ心に寄り添う一杯,温もりで心を解きほぐして,自分へのご褒美に贅沢を,
001263.jpg,華やぐ笑顔に合う澄んだ味,お洒落な装いに優しい出汁,弾ける心に満足の一杯を,
001264.jpg,上品な味で心もほどける,優しく包む温かなひととき,華やかな装いに合う贅沢を,
001265.jpg,洗練されたあなたに合う味,穏やかな微笑みに寄り添う,装いに合う贅沢なひととき,
001266.jpg,凛とした私に合う澄んだ味,都会的な私を癒やす甘さ,洗練された私への贅沢飯,
001267.jpg,鋭い感性に合う澄んだ味,都会的な心を満たす甘み,エッジの効いた贅沢な一杯,
001268.jpg,赤いスカーフに合う淡い味,白いコートに似合う温もり,仕事の合間に贅沢な満足感,
001269.jpg,洗練された味で心を満たす,凛とした姿に合う優しい味,都会的な感性と贅沢な満足,
001270.jpg,軽やかな心に澄んだ一杯,洗練された日々に優しい味,都会的な歩みに満ちる活力,
001271.jpg,華やぐ笑顔に合う澄んだ味,軽やかな装いに寄り添う味,心弾む日に贅沢な満足感を,
001272.jpg,清楚な装いに合う澄んだ味,上品な姿に寄り添う甘み,洗練された日々に贅沢を,
001273.jpg,爽やかな笑顔に合う一杯,誠実な心を満たす温もり,充実した一日に贅沢な味,
001274.jpg,知的な休息に合う澄んだ味,余裕ある心に沁みる出汁,自信を支える贅沢な満足感,
001275.jpg,洗練された味で心整える,粋な装いに合う優しい味,仕事への集中力を力に変え,
001276.jpg,温もり纏う心に澄んだ味,朗らかな日々に合う甘み,余裕ある心を満たす贅沢,
001277.jpg,洗練された味で心解き放つ,上品な出汁でひと息つく,都会的な贅沢を頬張る,
001278.jpg,洗練された味で心を満たす,華やかな装いに合う温もり,凛とした私に贅沢なご褒美,
001279.jpg,洗練された味で心を満たす,華やかな装いに合う温もり,凛とした姿に贅沢な満足を,
001280.jpg,澄んだ心に合う優しい味,穏やかな時に寄り添う一杯,洗練された贅沢な満足感を,
001281.jpg,洗練された味をその唇に,華やかな装いに合う逸品,美意識を満たす贅沢な一杯,
001282.jpg,洗練された味をあなたに,凛とした心に染みる味,都会的な美しさに合う味,
001283.jpg,個性を彩る澄んだ味わい,大胆な装いに合う甘み,強い眼差しに満たす満足,
001284.jpg,洗練された透明感を纏って,凛とした佇まいに合う味,美しき歩みに贅沢な充足,
001285.jpg,洗練された味で心を満たす,上品な出汁が心に染みる,都会的な贅沢を味わう,
001286.jpg,洗練された味で心も軽く,上品な装いに合う温もり,お洒落なひとときのご褒美,
001287.jpg,澄んだ心に合う淡い味わい,落ち着いた時に温まる一杯,真剣な日に満たす贅沢な味,
001288.jpg,洗練された味で心を満たす,都会的な感性に寄り添う味,こだわりを形にした贅沢を,
001289.jpg,澄んだ視線に合う淡い味,大人の余裕を包む温もり,こだわり派に贈る贅沢感,
001290.jpg,洗練された味で心を満たす,温もりを纏いほっと一息,贅沢な装いに合う満足感,
001291.jpg,軽やかな歩みに合う一杯,柔らかな装いに寄り添う味,前向きな日々に贅沢な一皿,
001292.jpg,洗練された粋な味わいを,穏やかな心に染みる味,真剣な日々に贅沢な一杯,
001293.jpg,洗練された美しさに合う味,都会的な感性を満たす一杯,知的でモダンな午後の贅沢,
001294.jpg,黒に溶ける澄んだ味わい,静寂に寄り添う甘い誘惑,凛とした心を満たす贅沢,
001295.jpg,澄んだ心に合う優しい味,温もり包むふんわり時間,心満たす贅沢なご褒美を,
001296.jpg,洗練された味に浸る贅沢,凛とした心に温もりを,芯から満たす至高の一杯,
001297.jpg,洗練された味で心を満たす,穏やかな時に寄り添う味,凛とした日々に贅沢な一杯,
001298.jpg,洗練された大人の休息に,心ほどける優しいひととき,華やかな笑顔に合う贅沢,
001299.jpg,洗練された大人の贅沢時間,心ほどける優しいひととき,満ち足りた笑顔のご馳走を,
001300.jpg,洗練された大人の澄んだ味,余裕ある心に染みる出汁,自信に満ちた贅沢な充足感,
001301.jpg,洗練された軽やかな味わい,上品な白に似合う優しい味,都会的な私への贅沢ご褒美,
001302.jpg,洗練された粋な味わいを,余裕ある大人の休息に,自信に満ちた贅沢な一杯,
001303.jpg,洗練された味で心を満たす,品格漂う贅沢なひとときを,自信に満ちた活力の一杯を,
001304.jpg,洗練された味で心身を整え,落ち着いたひとときを堪能,気概を養う贅沢な一皿を,
001305.jpg,洗練された身なりに合う味,穏やかな心を満たす温もり,真剣な日々に力強い一杯,
001306.jpg,洗練された色使いに合う味,都会的な佇まいに寄り添う,芯のある装いにふさわしい,
001307.jpg,凛とした心に澄み渡る味,静寂に寄り添う温もりを,品格ある贅沢なひととき,
001308.jpg,洗練された私に合う一杯,都会的な私へ贈る贅沢,凛とした私を満たす味,
001309.jpg,洗練された味をシンプルに,端正な姿に合う優しい味,鋭い眼差しを満たす贅沢,
001310.jpg,軽やかな心に合う澄んだ味,華やかな装いに優しい出汁,心地よい午後に贅沢な満足,
001311.jpg,研ぎ澄まされた純粋な味,静寂に寄り添う温もりを,強き意志を満たす贅沢を,
001312.jpg,淡い色合いに合う澄んだ味,心までほどける優しい風味,華やかな日々に贅沢な満足,
001313.jpg,洗練された味で軽やかに,上品な心を満たす一杯を,都会的な贅沢を味わう時,
001314.jpg,澄みわたる心に合う一杯,穏やかな時に寄り添う味,凛とした佇まいに贅沢を,
001315.jpg,澄んだ心に合う優しい味,温もり包む穏やかな時間,心満たす贅沢なご褒美を,
001316.jpg,自信に満ちた澄み渡る味,凛とした佇まいに合う甘味,鍛えた体に満たす充足感,
001317.jpg,真剣な眼差しに澄んだ一杯,気品ある装いに合う出汁,鍛えた体に満ちる満足感,
001318.jpg,個性を彩る澄んだ味わいを,粋な装いに合う優しい味,こだわり抜いた贅沢な一品,
001319.jpg,洗練された大人の澄んだ味,余裕ある休息に優しい一杯,粋な装いに合う贅沢な満足,
001320.jpg,品格漂う澄んだ味わいを,余裕ある大人の優しい味,自信に満ちた贅沢な一杯,
001321.jpg,洗練された身軽な一杯を,上品に味わう大人の休息,都会的な贅沢を心ゆくまで,
001322.jpg,遊び心ある大人の休息に,ゆったり流れる午後の味,こだわり派に贈る贅沢を,
001323.jpg,真剣な歩みに澄み渡る味,志を共にする温かな一杯,前進する心を満たす活力,
001324.jpg,真剣な歩みに澄み渡る味,前進する心に温もりを,志を抱く体に力強い味,
001325.jpg,華やかな色使いに合う味,驚きの表情が弾ける旨さ,大胆な装いに似合う贅沢,
001326.jpg,洗練された味に心満たされ,粋な趣きに浸るひととき,芯のある贅沢をその身に,
001327.jpg,凛とした心に澄み渡る味,落ち着いた時に温まる一杯,洗練された姿に合う贅沢感,
001328.jpg,洗練された大人の澄んだ味,上品な装いに合う優しい味,余裕ある大人の贅沢な一杯,
001329.jpg,品格漂う澄み切った味わい,穏やかな心に沁みる出汁,余裕ある大人の贅沢な一杯,
001330.jpg,洗練された味をあなたに,落ち着いたひとときを,凛とした美しさに合う味,
001331.jpg,凛とした身なりに合う一杯,品格漂う装いに寄り添う味,力強い心身を満たす贅沢を,
001332.jpg,都会の風に合う澄んだ味,リラックスして味わう一杯,ストリートに似合う贅沢感,
001333.jpg,洗練された大人の休息に,落ち着いた午後のひととき,都会を歩く心を満たす味,
001334.jpg,知的な瞳に合う澄んだ味,洗練された装いに優しい味,都会的な日々に贅沢な満足,
001335.jpg,落ち着いた心に澄む味わい,品格漂う大人の優しい味,余裕ある午後の贅沢な一杯,
001336.jpg,洗練された身軽な味わい,余裕ある大人の落ち着き,自信に満ちた贅沢な一杯,
001337.jpg,鮮やかな色彩に合う一杯,真剣な眼差しを満たす味,洗練された装いに合う贅沢,
001338.jpg,洗練された美しさに合う味,都会的な余裕を味わう一杯,隙のない装いに贅沢な一皿,
001339.jpg,洗練された味をあなたに,遊び心ある一杯をどうぞ,個性を満たす贅沢な味,
001340.jpg,澄んだ瞳に合う透明な味,静かな心を満たす温もり,芯ある君へ贅沢な満足感,
001341.jpg,洗練された味で心を満たす,上品な甘みが体に染みる,凛とした私に贅沢な一杯,
001342.jpg,洗練された私へのご褒美に,上品な装いに合う優しい味,前向きな歩みに力強い一杯,
001343.jpg,大人の余裕に合う澄んだ味,落ち着いた心に染みる出汁,知的な休息に贅沢な一杯,
001344.jpg,洗練された美しさに合う味,凛とした佇まいに寄り添う,気品ある姿に贅沢な一皿を,
001345.jpg,鋭い感性に合う澄んだ味,静寂に溶け込む優しい甘み,研ぎ澄まされた贅沢な満足,
001346.jpg,洗練された味で心を満たす,軽やかなひとときを添えて,都会的な感性に響く贅沢,
001347.jpg,クールな私に合う澄んだ味,洗練された日常に温もりを,都会的な私を満たす贅沢を,
001348.jpg,洗練された一杯で心潤う,上品な出汁が心を満たす,凛とした日々に贅沢な味,
001349.jpg,凛とした心に澄み渡る味,余裕ある大人の贅沢な時,自信を支える力強い一杯,
001350.jpg,洗練された美しさを添えて,気品漂う至福の一杯を,堂々たる風格に相応しく,
001351.jpg,洗練された身軽な味わい,穏やかな心に合う甘み,凛とした日々に贅沢を,
001352.jpg,澄んだ心で味わう一杯,温もりで心を解きほぐす,贅沢な気分で満たされて,
001353.jpg,洗練された粋な味わいを,静寂に寄り添う温もりを,こだわり抜いた贅沢な一杯,
001354.jpg,澄んだ心に合う優しい味,穏やかな日々に寄り添う味,凛とした姿に合う贅沢味,
001355.jpg,黒いコートに合う澄んだ味,穏やかな微笑みに寄り添う,落ち着いた装いに贅沢を,
001356.jpg,黒い装いに合う澄んだ味,穏やかな心に染みる甘み,落ち着いた大人の贅沢飯,
001357.jpg,知的な休息に澄んだ一杯を,穏やかな心に優しい出汁を,真剣な日々に贅沢な満足を,
001358.jpg,澄んだ瞳に合う透明感,静かな心を満たす温もり,洗練された体に力強い味,
001359.jpg,華やかな装いに合う澄んだ味,遊び心ある色に合う優しい味,自信に満ちた姿に似合う贅沢,length_not_8_12 | 華やかな装いに合う澄んだ味\n遊び心ある色に合う優しい味\n自信に満ちた姿に似合う贅沢
001360.jpg,洗練された味で心を満たす,華やかな日に合う優しい味,集中した心に贅沢なご褒美,
001361.jpg,知的で軽やかな一杯を,穏やかな心に温もりを,活動的な日に贅沢な味を,
001362.jpg,粋な装いに合う澄んだ味,大人の余裕を包む甘み,こだわり派に贈る贅沢感,
001363.jpg,凛とした瞳に澄み渡る味,芯のある私へ温もりを,静かな決意を満たす贅沢,
001364.jpg,澄んだ心に合う優しい味,穏やかな時間に寄り添う味,二人で分かち合う贅沢な味,
001365.jpg,澄んだ心に合う優しい味,穏やかな時間に寄り添う味,二人で分かち合う贅沢な味,
001366.jpg,洗練された味に浸る贅沢,気品漂う大人の休息を,自信に満ちた心を満たす,
001367.jpg,華やぐ黄色に合う澄んだ味,上品な装いに優しい出汁を,洗練された姿に贅沢な満足,
001368.jpg,洗練された味で心も軽く,落ち着いた時に沁みる味,都会的な贅沢を頬張ろう,
001369.jpg,凛とした心に澄み渡る味,品格漂う大人の休息に,自信を支える贅沢な一杯,
001370.jpg,澄んだ瞳に合う透明感,凛とした心に温もりを,芯の強さを支える満足感,
001371.jpg,鋭い感性に澄み切る味,凛とした心に温もりを,鍛えた体に贅沢な充足,
001372.jpg,洗練された味で心を満たす,穏やかな時に寄り添う味,都会的な私へのご褒美に,
001373.jpg,静寂に溶ける澄んだ味わい,心まで解かす温かな出汁,孤独を満たす贅沢な満足感,
001374.jpg,上品な装いに合う澄んだ味,華やかな日々に優しい甘み,心満たす贅沢なひとときを,
001375.jpg,洗練された美しさに合う味,都会的な装いに寄り添う味,華やかな佇まいに合う贅沢,
001376.jpg,鍛えた体に染みる塩味,洗練された粋な味わい,強靭な筋肉に満たす力,
001377.jpg,軽やかな私に合う澄んだ味,都会の風に似合う優しい味,活動的な私を支える贅沢感,
001378.jpg,洗練された味をその身に,都会的な粋を味わう時,仕事終わりの贅沢な一杯,
001379.jpg,粋な装いに合う澄んだ味,洗練された身のこなしに,勝負服で味わう贅沢な一品,
001380.jpg,洗練された味で心整う,落ち着いたひとときを,知的な充足感を満たす,
001381.jpg,洗練された味で心身を整え,上品なひとときをあなたに,贅沢な満足感をスマートに,
001382.jpg,洗練された一杯で心整える,品格漂う出汁の深い味わい,鍛えた体に贅沢な満足感を,
001383.jpg,澄んだ瞳に合う透明感,こだわり抜いた芯の味,鋭い感性を満たす贅沢,
001384.jpg,クールな紅い唇に合う味,華やかな装いに澄んだ一杯,都会的な視線に満たす贅沢,
001385.jpg,柔らかな心に合う澄んだ味,ふんわり包む優しい甘み,満足感で満たす贅沢な時,
001386.jpg,鋭い感性に澄み渡る味,凛とした心に染みる甘み,強気な私を満たす贅沢,
001387.jpg,硬派な心に染みる純白の味,静寂を纏う大人の贅沢時間,自信を支える力強い充足感,
001388.jpg,洗練された味で心も軽く,上品な甘みが似合うひと時,都会的な装いに贅沢な一杯,
001389.jpg,澄んだ心に染みる一杯,静寂に寄り添う温もり,心を満たす贅沢な時間,
001390.jpg,澄んだ心に合う透明感,静かな時に寄り添う温もり,内なる充足を満たす贅沢,
001391.jpg,洗練された身軽な味わい,落ち着いた心に染みる味,鍛えた体に贅沢な充足感,
001392.jpg,華やかな日に合う澄んだ味,心ほどける優しいひととき,軽やかな日々に贅沢な一杯,
001393.jpg,洗練された味をあなたに,都会的な心を満たす一杯,凛とした日々に贅沢な味,
001394.jpg,洗練された美を研ぎ澄ます,凛とした心を満たす贅沢,自信に満ちた充足感を今,
001395.jpg,洗練された大人の澄んだ味,落ち着いた心に温もりを,自信に満ちた贅沢な一杯,
001396.jpg,洗練された美しさに合う味,凛とした佇まいに寄り添う,都会的な輝きを彩る贅沢,
001397.jpg,澄んだ心に合う優しい味,静かに浸る温かな時間,自分へのご褒美に贅沢を,
001398.jpg,洗練された味を真っ直ぐに,個性を彩る深い味わいを,芯のあるあなたに贅沢を,
001399.jpg,凛とした心に澄みわたる味,余裕ある時に味わう贅沢を,自信を支える力強い一杯,
001400.jpg,気品漂う澄んだ味わいを,しなやかな心に温もりを,凛とした姿に贅沢な一杯,
001401.jpg,知的で凛としたあなたへ,華やかな装いに合う味を,真剣な眼差しに活力を,
001402.jpg,洗練された大人の澄んだ味,凛とした佇まいに合う出汁,鍛えた体に満ちる満足感,
001403.jpg,洗練された私へのご褒美,都会的な日常に寄り添う味,凛とした佇まいに合う贅沢,
001404.jpg,仕事の合間に澄み渡る味,多忙な心に染みる温もり,明日への活力、贅沢な一杯,
001405.jpg,洗練された味をシンプルに,上品な温もりを心に添えて,都会的な贅沢を頬張る時,
001406.jpg,都会的な二人へ澄んだ一杯,洗練された心に温もりを,多忙な日々に贅沢な満足を,
001407.jpg,洗練された味でクールに,粋な装いに合う上品さ,自信に満ちた贅沢な一杯,
001408.jpg,知的で穏やかな一杯を,心まで温まる優しい味,充実した一日のご褒美,
001409.jpg,洗練された味で心を満たす,静かに味わう大人の休息,都会の喧騒を忘れる贅沢,
001410.jpg,洗練された大人の澄んだ味,落ち着いた余裕を味わう時,芯のある男に相応しい贅沢,
001411.jpg,洗練された味をあなたに,端正な佇まいに合う一杯,凛とした心を満たす贅沢,
001412.jpg,洗練された感性に合う一杯,愛犬との散歩に心地よい味,都会的な装いに贅沢な満足,
001413.jpg,洗練された味で心解き放つ,上品な一杯で穏やかな時に,都会の歩みに贅沢な満足を,
001414.jpg,鋭い視線に合う澄んだ味,堂々たる歩みに寄り添う,鍛えた体に満たす活力,
001415.jpg,澄んだ心に合う透明な味,静寂に寄り添う温もりを,凛とした日々に満たす贅沢,
001416.jpg,洗練された澄み渡る味わい,余裕を纏う大人の休息を,自信を支える力強い充足感,
001417.jpg,洗練された身軽な味わいを,都会的な余裕と温もりを,スマートに満たす贅沢を,
001418.jpg,澄んだ心で向き合う一杯,静寂に寄り添う優しい味,信念を支える力強い一品,
001419.jpg,知的な休息に澄んだ一杯を,落ち着いた心に染みる出汁,余裕ある大人の贅沢な味,
001420.jpg,清楚な装いに合う澄んだ味,上品な白に寄り添う甘い味,凛とした姿に満ちる満足感,
001421.jpg,洗練された粋な味わいを,都会的な余裕ある一杯を,自信に満ちた贅沢な満足を,
001422.jpg,彩り豊かな一服をあなたに,穏やかな心を満たす温もり,軽やかな足取りに活力を,
001423.jpg,洗練された味に心地よく,上品なひとときをあなたに,こだわり抜いた贅沢な一杯,
001424.jpg,洗練されたあなたに合う味,落ち着いた心に染みる一杯,凛とした姿に合う贅沢な味,
001425.jpg,澄んだ味で心も軽やかに,温もり包む優しいひととき,贅沢に満たす至福の一杯,
001426.jpg,洗練された美しさに合う味,上品な装いに寄り添う一杯,凛とした佇まいに贅沢を,
001427.jpg,洗練された澄み渡る味わい,静寂に寄り添う贅沢な味,自信を支える至高の満足感,
001428.jpg,粋な装いに合う澄んだ味,余裕あるひと時に優しい味,洒落た大人の贅沢な満足感,
001429.jpg,品格漂う澄んだ味わいを,穏やかな時に浸る出汁,余裕ある大人の贅沢な一杯,
001430.jpg,洗練された心に澄んだ一杯,品格漂う大人の落ち着く味,自信に満ちた日への贅沢を,
001431.jpg,洗練された身軽な味わいを,大人の余裕に合う優しい味,華やかな日々に贅沢な一杯,
001432.jpg,澄んだ心に合う透明な味,静かな時に寄り添う甘み,芯のある私に似合う贅沢,
001433.jpg,品格漂う澄んだ味わいを,大人の余裕に合う温もり,こだわり抜いた贅沢な一杯,
001434.jpg,洗練された澄み切る味わい,凛とした佇まいに合う逸品,堂々たる風格に相応しい味,
001435.jpg,澄んだ心に合う優しい味,夫婦で分かち合う温もりを,贅沢なひとときを彩る味,
001436.jpg,洗練された美を研ぎ澄ます,凛とした自信を纏う味,華やかな存在感を満たす,
001437.jpg,鋭い視線に合う澄んだ味,凛とした姿に似合う甘味,黒い装いに映える贅沢感,
001438.jpg,鋭い視線に澄み渡る一杯,芸術的な感性を満たす味,情熱を糧に次の一枚を,
001439.jpg,洗練された味で心を満たす,凛とした佇まいに合う逸品,自信に満ちた力強い充足感,
001440.jpg,洗練された贅沢な休息を,大人の余裕を添えて味わう,華やかな夜に合うご褒美を,
001441.jpg,洗練された味で心ほどける,上品なひとときをあなたに,都会的な贅沢を頬張って,
001442.jpg,澄んだ笑顔に合う透明感,上品な装いに寄り添う味,華やかな日に贅沢な満足を,
001443.jpg,洗練された味をスマートに,粋な装いに合う優しい味,自信に満ちた心に贅沢を,
001444.jpg,洗練された味で心も軽く,彩り添える上品なひととき,華やかな日に贅沢な満足を,
001445.jpg,洗練された彩りに合う一杯,軽やかな装いに寄り添う味,華やかな三人に贈る贅沢品,
001446.jpg,洗練された味で心を満たす,端正な佇まいに合う温もり,鍛えた体に贅沢な充足感を,
001447.jpg,澄んだ心に合う一杯を,穏やかな時に温もりを,力強い体に満たす味を,
001448.jpg,洗練された私へのご褒美,凛とした心を満たす一杯,自信を彩る贅沢な味わい,
001449.jpg,洗練された美しさに合う味,都会的な二人へ贈る贅沢,大人の余裕に満ちた満足感,
001450.jpg,知的な休息に澄んだ一杯を,心ほどける温かなひととき,充実した一日に贅沢な味を,
001451.jpg,洗練された味で心を満たす,上品なひとときをあなたに,凛とした日に贅沢な一杯を,
001452.jpg,大人の余裕に合う澄んだ味,粋な装いに似合う温もり,こだわり抜いた贅沢な一杯,
001453.jpg,澄んだ味で心も身体も軽く,出汁の香りでほっと一息を,贅沢な一杯で活力充填を,
001454.jpg,凛とした心に澄みわたる味,落ち着いた品格に合う一杯,自信に満ちた体に贅沢な糧,
001455.jpg,澄み渡る心に合う一杯,心まで温まる優しい味,活力満ちる贅沢な満足感,
001456.jpg,洗練された味で心を満たす,穏やかな時に寄り添う味,都会的な感性に響く贅沢,
001457.jpg,洗練された私へのご褒美に,上品な装いに合う優しい味,都会的な私を満たす贅沢を,
001458.jpg,洗練された心に澄み渡る味,気品漂うひとときのご褒美,凛とした佇まいに合う贅沢,
001459.jpg,澄んだ笑顔に合う軽やかさ,穏やかな心に染みる温もり,洗練された日々に贅沢な味,
001460.jpg,澄んだ心に合う優しい味,温もり纏い心も解き放つ,都会の夜に満ちる充足感,
001461.jpg,凛とした心に澄みわたる味,落ち着いた時に染みる出汁,鍛えた体に満ちる満足感,
001462.jpg,凛とした心身に澄んだ一杯,落ち着いた時に染みる甘味,鍛えた体に満たす満足感,
001463.jpg,華やかな装いに合う透明感,洗練された大人の甘い休息,都会的な私へ贅沢なご褒美,
001464.jpg,澄み渡る心に合う一杯,静寂を包む温かな味,孤独を満たす贅沢な糧,
001465.jpg,洗練された美しさに合う味,都会的な装いに添える彩り,凛とした佇まいに満ちる幸,
001466.jpg,心弾む爽やかな味わいを,ゆったり流れる贅沢な時,前向きな活力湧く一杯を,
001467.jpg,筋肉に染みる澄んだ味わい,大人の余裕で味わう出汁,鍛えた体にガツンと一撃,
001468.jpg,仕事の合間に染みる塩味,渋い大人の心に沁みる味,気合を入れる贅沢な一杯,
001469.jpg,上品な味で心も軽やかに,優雅なひとときを添えて,華やかな気分で満たされて,
001470.jpg,洗練された粋な味わいを,品格漂う贅沢なひととき,自信に満ちた至福の一杯,
001471.jpg,仕事の合間に澄み渡る味,余裕あるひと時に温もりを,若き情熱を満たす贅沢を,
001472.jpg,軽やかな心に澄み渡る味,弾む歩みに優しい温もり,アクティブな体に満ちる幸,
001473.jpg,澄んだ心に合う優しい味,冬の装いに温かな癒やし,都会の歩みに満ちる活力,
001474.jpg,洗練された澄んだ味わいを,落ち着いた品格ある一杯を,芯のある力強い満足感を,
001475.jpg,洗練された一杯で心潤う,上品な彩りに心ほどける,凛とした日々に贅沢な味,
001476.jpg,澄んだ心に合う淡い味わい,リボンの彩りに優しい出汁,凛とした姿に満ちる活力,
001477.jpg,洗練された澄み切る味わい,静かな威厳に合う温もり,自信を支える贅沢な充足感,
001478.jpg,鍛えた体に染みる塩味,筋肉に優しい出汁の味,鋼の体に最高の活力源,
001479.jpg,穏やかな午後に澄む味わい,心ほどける温かなひととき,余裕ある大人の贅沢な一杯,
001480.jpg,自信に満ちた粋な味わいを,余裕ある大人の贅沢な一杯,風格漂う至福の満足感を,
001481.jpg,洗練された味で心ほどける,彩る日々に優しいひととき,都会的な私に合う贅沢感,
001482.jpg,洗練された白に惹かれて,黒い装いに合う温もりを,都会的な贅沢を一口で,
001483.jpg,華やかな日々に澄み渡る味,彩る装いに寄り添う温もり,軽やかな歩みに贅沢な満足,
001484.jpg,洗練された大人の澄んだ味,余裕ある心に染みる温もり,自信に満ちた贅沢な満足感,
001485.jpg,静寂に溶ける澄んだ味わい,端正な心を満たす温もり,洗練された贅沢な充足感,
001486.jpg,彩り豊かな心に澄んだ一杯,華やかな装いに優しい出汁,こだわり派に贈る贅沢な味,
001487.jpg,穏やかなひとときのご褒美,心ほどける優しい味わいを,満たされる至福のひと皿を,
001488.jpg,知的で軽やかな味わいを,穏やかな微笑みに合う味,洗練された姿に贅沢な一杯,
001489.jpg,華やかな日に澄み渡る味,上品な装いに合う優しい味,凛とした姿に満ちる贅沢感,
001490.jpg,花柄に合う澄んだ味わい,リボンの心に優しい味,赤い靴で歩く活力の一杯,
001491.jpg,ドット柄に合う澄んだ味,赤い髪に似合う甘い誘惑,強い眼差しに応える贅沢,
001492.jpg,澄んだ笑顔に合う淡い味,心弾む甘いひとときを,活力満ちる贅沢なご褒美,
001493.jpg,洗練された味をあなたに,知的な選択で心を満たす,自信に満ちた贅沢な一杯,
001494.jpg,澄んだ瞳に合う優しい味,丸いほっぺに似合う甘み,小さな手に届く満足感,
001495.jpg,ピンクの水玉に合う味,リボンみたいにふわふわ,お花のように元気な味,
001496.jpg,水玉ワンピースに合う味,リボンに似合う優しい味,お花のように心踊る味,
001497.jpg,洗練された味で心を満たす,軽やかな姿に合う優しい味,エッジの効いた贅沢な一杯,
001498.jpg,水玉に似合う澄んだ味,リボンに合う優しい甘み,レースに添える贅沢な一品,
001499.jpg,水玉に似合う澄んだ味わい,白いリボンに甘いお揚げを,花のように華やかな満足感,
001500.jpg,水玉の笑顔に合う澄んだ味,花のような心に温もりを,凛とした装いに贅沢な一品,
001501.jpg,品格漂う澄んだ味わいを,淑やかな心に温もりを,凛とした日々に贅沢な一杯,
001502.jpg,純白の点に似合う澄んだ味,紅い装いに合う温かな色,凛とした佇まいに合う贅沢,
001503.jpg,明るい笑顔に合う澄んだ味,ドット柄に似合う優しい味,弾ける笑顔に合う満足感,
001504.jpg,お口に合う優しい味を,ふっくら甘いご褒美を,元気が出る大きなご馳走,
001505.jpg,まるいほっぺに合う味,水玉のドレスに合う味,小さな手に合うごちそう,
001506.jpg,みんなで笑ってさっぱりと,お友だちとふっくら頬張れ,元気いっぱいお腹いっぱい,
001507.jpg,水玉ドレスに合う澄んだ味,静寂に溶ける上品な甘み,凛とした佇まいに贅沢を,
001508.jpg,澄んだ心に合う透明な味,凛とした姿に似合う温もり,洗練された日々に贅沢を,
001509.jpg,水玉に似合う澄んだ味わい,リボンに添える優しい風味,小柄な体に贅沢な満足感を,
001510.jpg,澄んだ瞳に合う淡い味わい,水玉ドレスに似合う甘み,真剣な表情に合う満足感,
001511.jpg,純白のレースに合う淡い味,パールのように上品な甘み,気品ある姿に贅沢な満足を,
001512.jpg,気品漂う澄んだ味わいを,優雅に楽しむ伝統の味,洗練された贅沢なひととき,
001513.jpg,洗練された美しさに合う味,優雅なひとときを添えて,気品あるあなたへ贈る贅沢,
001514.jpg,洗練された私へのご褒美に,大人の余裕に合う優しい味,凛とした日々に贅沢な一杯,
001515.jpg,華やかな心に澄み渡る味,愛らしく心満たす甘い味,情熱を彩る贅沢な満足感,
001516.jpg,静寂に溶ける澄んだ味わい,心ほどける温かなひととき,個性を満たす贅沢な満足感,
001517.jpg,洗練された私に合う純白を,凛とした私を彩る黄金色,自信に満ちた私へのご褒美,
001518.jpg,澄んだ心に合う淡い味わい,静かな時に寄り添う甘み,凛とした日に贅沢な満足を,
001519.jpg,澄んだ心に合う透明な味,華やかな装いに優しい甘み,凛とした姿に満ちる活力,
001520.jpg,水玉ドレスに合う澄んだ味,リボンの色に似た甘い香り,お人形さんのように贅沢に,
001521.jpg,澄んだ瞳に合う透明感,水玉のように弾ける味,凛とした佇まいに贅沢を,
001522.jpg,お洒落に澄んだ味を楽しむ,心弾む甘いひとときを,華やかな気分で満たされる,
001523.jpg,澄んだ瞳に合う透明感,凛とした姿に優しい味,芯ある美しさに満ちる味,
001524.jpg,澄んだ瞳に合う清涼な味,花のように心ほどける味,凛とした姿に合う贅沢感,
001525.jpg,華やぐ笑顔に合う澄んだ味,可憐な装いに似合う優しさ,凛とした姿に満ちる満足感,
001526.jpg,澄んだ瞳に合う透明感,上品な装いに寄り添う味,凛とした姿に合う贅沢,
001527.jpg,洗練された美しさに合う味,ドット柄に似合う軽やかさ,凛とした佇まいに合う贅沢,
001528.jpg,水玉衣装に合う澄んだ味,リボンに似合う甘いお揚げ,笑顔あふれる満足の一杯,
001529.jpg,華やかな夜に合う澄んだ味,甘い誘惑に似た優しい味,贅沢な装いに似合う満足感,
001530.jpg,上品な装いに合う澄んだ味,可憐な姿に寄り添う甘い味,軽やかな日々に贅沢な満足,
001531.jpg,洗練された味に心ほどける,上品な彩りに合う優しい味,華やかな日々に贅沢な一杯,
001532.jpg,ドット柄に合う澄んだ味,曲線美に添える優しい味,スリムな体に贅沢な満足,
001533.jpg,輝く肌に合う澄んだ味わい,華やかな心を満たす甘み,自信に満ちた体に贅沢を,
001534.jpg,澄んだ心に合う透明な味,静寂に寄り添う優しい甘み,繊細な日々に贅沢な満足を,
001535.jpg,澄んだ笑顔に合う軽やかさ,心ほどける大人の休息を,自分らしさを満たす贅沢を,
001536.jpg,気高き瞳に合う澄んだ味,黄金の装いに似合う贅沢,凛とした心を満たす至福,
001537.jpg,ハート色に輝く澄んだ味,リボンのようにふわり甘く,お人形さんの贅沢な一皿,
001538.jpg,純白の輝きをその唇に,赤い水玉に似合う甘味,完璧な姿にふさわしい贅沢,
001539.jpg,澄んだ瞳に合う透明な味,水玉に似合う丸い甘み,凛とした姿に合う贅沢な味,
001540.jpg,澄んだ瞳に合う透明な味,リボンの色に似た優しい味,細身の体に贅沢な満足感を,
001541.jpg,青い瞳に映える透明な味,ドット柄に合う優しい甘み,紅い唇に似合う贅沢な彩り,
001542.jpg,洗練された味に心ほどける,軽やかな装いに合う甘み,凛とした姿に合う贅沢感,
001543.jpg,洗練された美しさに合う味,上品な装いに寄り添う一杯,凛とした佇まいに合う贅沢,
001544.jpg,淡い水玉に合う澄んだ味,リボンに似合う優しい甘み,レースを彩る贅沢な満足,
001545.jpg,洗練された味で心を満たす,個性が光る粋な味わいを,芯のあるあなたに贅沢を,
001546.jpg,ふわふわ気分に合う淡い味,ゆるい時間に優しい甘みを,可憐な私に贅沢な満足感を,
001547.jpg,青い瞳に合う澄んだ味わい,紅い髪に映える黄金の彩り,洗練された姿に贅沢な満足,
001548.jpg,繊細な美に合う澄んだ味,凛とした佇まいに寄り添う,洗練された姿に満たす贅沢,
001549.jpg,心ほどける優しい味わい,ほっこり癒える至福の時,心もお腹も満たされる贅沢,
001550.jpg,澄んだ味で心も軽やかに,ふっくら甘い癒やしの時を,満足感で笑顔が弾ける日,
001551.jpg,紅い情熱に合う澄んだ味,粋な装いに似合う上品さ,自信に満ちた贅沢な一皿,
001552.jpg,心ほどける澄んだ味わい,穏やかな時に合う甘み,自分へのご褒美に贅沢を,
001553.jpg,心洗われる澄んだ味わい,ほっと解ける優しい時間,明日への活力をチャージ,
001554.jpg,華やかな彩りに合う透明感,上品な装いに似合う甘み,自信に満ちた贅沢な味わい,
001555.jpg,澄んだ瞳に似合う透明感,ドット柄に合う華やかさ,リボンの先に贅沢な喜び,
001556.jpg,洗練された味をあなたに,凛とした姿に合う上品さ,自信に満ちた贅沢な一杯,
001557.jpg,ドット柄に合う澄んだ味,穏やかな心に優しい甘み,デニムに似合う満足感,
001558.jpg,ドット柄に合う澄んだ味,赤い唇に似合う甘い味,クラシカルな贅沢な味,
001559.jpg,洗練された美しさに合う味,凛とした佇まいに寄り添う,芯のある強さを満たす一品,
001560.jpg,彩る装いに添える優しい味,自由な感性に響く贅沢な味,華やかな笑顔に合う澄んだ味,length_not_8_12 | 華やかな笑顔に合う澄んだ味\n彩る装いに添える優しい味\n自由な感性に響く贅沢な味
001561.jpg,芯のある私に合う澄んだ味,凛とした私に似合う甘み,強い私を支える贅沢な味,
001562.jpg,清楚なあなたに合う淡い味,控えめな心に染みる温もり,華やかな装いに贅沢な一杯,
001563.jpg,気品漂う澄んだ味わいを,華やかな心を満たす甘み,凛とした姿に合う贅沢を,
001564.jpg,華やかな日々に合う澄んだ味,自信に満ちた心を満たす甘味,輝くスタイルに贅沢な満足を,length_not_8_12 | 華やかな日々に合う澄んだ味\n自信に満ちた心を満たす甘味\n輝くスタイルに贅沢な満足を
001565.jpg,可憐な私に似合う澄んだ味,ふわり華やぐ甘いひととき,心弾む贅沢なご褒美時間を,
001566.jpg,澄んだ心に合う淡い味わい,花のように優しい甘みの味,凛とした姿に満ちる活力,
001567.jpg,可憐な姿に合う澄んだ味,華やかな装いに優しい味,自信あるあなたに贅沢な味,
001568.jpg,個性を彩る澄んだ味わい,穏やかな心に寄り添う味,芯のある自分に合う贅沢,
001569.jpg,洗練された美しさに合う味,凛とした佇まいに寄り添う,華やかな装いに贅沢な一品,
001570.jpg,洗練された味をあなたに,凛とした姿に合う優しさ,華やかな日に贅沢な一杯,
001571.jpg,おそろいの笑顔でパクパク,ふたりで分け合う甘い味,元気いっぱいお腹いっぱい,
001572.jpg,凛とした紅い唇に合う味,自信あるあなたへ贈る一杯,余裕ある心を満たす贅沢,
001573.jpg,可憐な花柄に寄り添う甘み,華やかな装いに合う澄んだ味,凛とした佇まいに贅沢な一杯,length_not_8_12 | 華やかな装いに合う澄んだ味\n可憐な花柄に寄り添う甘み\n凛とした佇まいに贅沢な一杯
001574.jpg,彩る心に寄り添う優しい味,華やかな装いに合う澄んだ味,自信あふれる日には贅沢な味,length_not_8_12 | 華やかな装いに合う澄んだ味\n彩る心に寄り添う優しい味\n自信あふれる日には贅沢な味
001575.jpg,澄んだ心に合う透明な味,静寂に寄り添う優しい甘み,凛とした姿に満ちる満足感,
001576.jpg,花柄に合う澄んだ味わい,静かな心に染みる甘み,凛とした姿に合う満足感,
001577.jpg,華やぐ装いに合う澄んだ味,上品な微笑みに寄り添う味,凛とした佇まいに合う贅沢,
001578.jpg,華やかな彩りに合う透明感,心弾む装いに優しい味わい,自信ある佇まいに満ちる力,
001579.jpg,にっこり笑顔で味わおう,お花みたいな優しい味,元気いっぱい頬張ろう,
001580.jpg,澄んだ瞳に合う透明感,花柄に寄り添う優しい味,凛とした佇まいに贅沢を,
001581.jpg,澄んだ心に合う透明な味,華やかな日に優しい温もり,不満を溶かす贅沢な満足感,
001582.jpg,華やかな装いに澄んだ一杯,小花柄に似合う優しい味,芯のある瞳に贅沢な満足,
001583.jpg,凛とした美しさに合う味,花柄に寄り添う優しい味,芯のあるあなたへ贅沢を,
001584.jpg,花柄に似合う澄んだ味わい,心に届く優しい甘み,凛とした姿に合う満足感,
001585.jpg,緑の輝きに合う澄んだ味,気品ある微笑みに優しい味,洗練された姿に贅沢な味,
001586.jpg,澄んだ笑顔に合う透明感,軽やかな心に優しい味,凛とした美しさに満ちる,
001587.jpg,華やかな装いに澄んだ一杯,淑やかな佇まいに温もりを,凛とした姿に満ちる満足感,
001588.jpg,華やぐ花柄に合う澄んだ味,心ほどける優しいひととき,凛とした姿に満ちる活力,
001589.jpg,華やぐ花柄に合う澄んだ味,穏やかな心に沁みる甘み,包容力あるあなたに満足を,
001590.jpg,澄んだ瞳に合う清涼感,穏やかな心に染みる味,凛とした姿に満ちる力,
001591.jpg,可憐な私に似合う澄んだ味,華やかな装いに優しい出汁,気品ある私へ贅沢なご褒美,
001592.jpg,華やぐ心に澄んだ味わいを,気品あるひと時に優しい味,自信に満ちた贅沢な満足感,
001593.jpg,華やかな装いに澄んだ味を,上品な佇まいに優しい甘み,凛とした心を満たす贅沢を,
001594.jpg,花柄に合う澄んだ味わいを,心ほどける優しい甘みで,ふっくら満ちる至福の時,
001595.jpg,華やぐ笑顔に合う澄んだ味,彩りある日々に優しい出汁,凛とした姿に合う贅沢感,
001596.jpg,華やかな私に似合う透明感,自信に満ちた私へのご褒美,洗練された私を彩る贅沢を,
001597.jpg,リボンに似合う澄んだ味,笑顔が弾ける甘いお揚げ,元気いっぱいお腹いっぱい,
001598.jpg,華やかな日に合う澄んだ味,リボンに似合う優しい甘み,真剣な瞳に合う贅沢な一杯,
001599.jpg,澄んだ心に合う透明な味,華やかな装いに優しい出汁,凛とした瞳に満ちる満足感,
001600.jpg,個性を彩る澄んだ味わいを,鮮やかな感性に合う甘みを,大胆なスタイルに合う贅沢,
001601.jpg,お花のような笑顔に合う味,リボンが似合う優しい味,元気いっぱい頬張ろうね,
001602.jpg,澄んだ心に合う淡い味わい,華やかな日々に優しい甘み,凛とした美しさに満ちる味,
001603.jpg,華やかな紅に合う澄んだ味,花柄の装いに似合う甘み,凛とした佇まいに合う贅沢,
001604.jpg,澄んだ心に寄り添う味,温もりで心をほどいて,贅沢に心を満たして,
001605.jpg,心ほどける優しい味わい,ほっこり包む温かな時,心満たす贅沢な満足感,
001606.jpg,華やかな日に澄み渡る味,可憐な装いに合う優しさ,自信あふれる贅沢な一杯,
001607.jpg,華やぐ私に合う澄んだ味,可憐な私へ贈る優しい味,自信ある私に似合う贅沢,
001608.jpg,花のように華やかな一杯を,心まで解ける優しい味を,不満を飛ばす贅沢な満足を,
001609.jpg,リボンの彩りに似合う甘み,華やかな日々に合う澄んだ味,自信に満ちた心を満たす贅沢,length_not_8_12 | 華やかな日々に合う澄んだ味\nリボンの彩りに似合う甘み\n自信に満ちた心を満たす贅沢
001610.jpg,彩りドレスに合う澄んだ味,リボンに似合う優しい甘み,華やかな装いに贅沢な満足,
001611.jpg,可憐な装いに合う澄んだ味,清楚な佇まいに優しい出汁,凛とした姿に贅沢な満足感,
001612.jpg,洗練された味をあなたに,華やかな笑顔に合う一杯,芯のあるあなたへ贈る味,
001613.jpg,花柄に似合う澄んだ味わい,心ほどける優しい甘み,笑顔が弾む贅沢な満足感,
001614.jpg,澄んだ瞳に合う清涼な味,華やかな装いに上品な一杯,凛とした姿に贅沢な満足感,
001615.jpg,澄んだ瞳に合う優しい味,お花のような甘い幸せを,小さな体に大きな元気を,
001616.jpg,華やかな日に合う澄んだ味,可憐な装いに優しい出汁を,可憐な私への贅沢なご褒美,
001617.jpg,繊細な瞳に合う澄んだ味,可憐な装いに寄り添う甘み,凛とした姿に満ちる活力,
001618.jpg,おそろいの笑顔でぺろりと,ふわり甘い味にほほえんで,小さなお口にたっぷり幸せ,
001619.jpg,研ぎ澄まされた心に澄む味,静寂の中で味わう温もり,集中力を高める力強い一杯,
001620.jpg,知的な刺激に合う澄んだ味,自由な感性を満たす甘み,個性が光る贅沢な満足感,
001621.jpg,澄んだ瞳に合う淡い味わい,芯のある心に優しい甘み,鋭い眼差しを充足させる味,
001622.jpg,ストイックに澄み渡る味,芯の強さを支える出汁,鍛えた体に満たす充足,
001623.jpg,知的で澄んだ味わいを。,穏やかなひとときを。,スマートに満たされる。,
001624.jpg,穏やかな心に澄み渡る味,柔らかな笑顔に合う温もり,心ゆくまで満たされる贅沢,
001625.jpg,自由な感性に合う澄んだ味,飾らない心に染みる甘み,自分らしく満たされる贅沢,
001626.jpg,爽快な緑に合う澄んだ味,心ほどける穏やかな一杯,広い肩に合う満足の量,
001627.jpg,自由な感性に合う澄んだ味,柔らかな心に寄り添う甘み,エッジの効いた満足感を,
001628.jpg,鋭い感性に澄み渡る味,静寂を彩る甘い誘惑,情熱を加速させる満足感,
001629.jpg,驚きの後の一杯をどうぞ,心まで解ける優しい味,ガッツリ食べて気力を充填,
001630.jpg,澄んだ眼差しに合う純粋さ,個性を引き立てる優しい味,真剣な心を満たす贅沢感,
001631.jpg,澄んだ心に合う透明な味,穏やかな時に寄り添う甘み,自然体な私へ贅沢なご褒美,
001632.jpg,明るい笑顔に合う澄んだ味,自由な感性に響く優しい味,遊び心満載の満足な一杯,
001633.jpg,筋肉に染みる澄んだ味わい,穏やかな心に合う優しい味,広い肩幅に合う満足の量,
001634.jpg,洗練された味をシンプルに,凛とした心に染みる温もり,自信に満ちた贅沢な満足感,
001635.jpg,澄んだ瞳に合う潔い味,落ち着いた心を満たす一杯,鍛えた体に力強い満足感を,
001636.jpg,心ほどける優しい味わい,ほっこり温まるひととき,心満たす贅沢なご褒美,
001637.jpg,心洗われる澄んだ味わい,ほっこり癒える優しい味,力強く満たす至福の量,
001638.jpg,個性を研ぎ澄ます澄んだ味,心まで満たす優しい甘み,こだわりを貫く贅沢な一杯,
001639.jpg,自由な心に澄み渡る味,遊び心満載の優しい味,快活な日々に力強い味,
001640.jpg,澄んだ瞳に合う純粋な味,穏やかな心に染みる出汁,広い肩に合う贅沢な満足,
001641.jpg,澄んだ音色のような味わい,心に響く優しい温もり,情熱を奏でる贅沢な味,
001642.jpg,自由な感性に合う澄んだ味,穏やかな心に染みる甘み,個性を満たす贅沢な満足感,
001643.jpg,澄んだ心に合う透明な味,彩り豊かな日々に優しい味,自由な感性を満たす贅沢味,
001644.jpg,澄んだ心に合う純粋な味,静かな時に浸る温もりを,芯の強さを支える贅沢を,
001645.jpg,こだわり抜いた大人の味,心ほぐれる寛ぎの一杯,ガッツリ満たす男の贅沢,
001646.jpg,自信に満ちた澄みわたる味,凛とした心を満たす甘み,不屈の精神を支える満足感,
001647.jpg,鍛えた体に染みる澄んだ味,個性を引き立てる優しい味,筋肉を支える力強い満足感,
001648.jpg,明るい笑顔に合う澄んだ味,自信満々に頬張る甘い誘惑,健康的な体にガツンと一撃,
001649.jpg,知的な休息を一杯の贅沢に,こだわり派の心を満たす味,自信に満ちた腹持ちの一品,
001650.jpg,軽やかな心に合う澄んだ味,柔らかな笑顔に似合う甘み,活動的な日に嬉しい満足感,
001651.jpg,空想を忘れ心身を整える,日常を脱ぎ捨てリラックス,未知なる満足感をその手に,
001652.jpg,爽やかな笑顔に合う一杯,軽やかな装いに心地よい味,明るい気分に満ちる満足感,
001653.jpg,澄んだ音色に合う塩味を,心ほどける優しい出汁を,情熱を支えるガッツリ飯,
001654.jpg,爽やかな笑顔に合う一杯,軽やかな心に優しい味,前向きな一日に力強い味,
001655.jpg,驚きの心を満たす澄んだ味,お腹を優しく包む甘い味,今の気分に合う贅沢な味,
001656.jpg,ゆるい服に合う澄んだ味,心ほどける優しい甘み,自分へのご褒美に贅沢を,
001657.jpg,心整う澄んだ味わい,穏やかな時に染み渡る,力強い心身へ満たす飯,
001658.jpg,洗練された粋な味わいを,遊び心ある軽やかな味,自信に満ちた贅沢な一杯,
001659.jpg,個性を彩る澄んだ味わい,飾らない心に温もりを,自由な感性に満ちる贅沢,
001660.jpg,音色のように澄んだ味わい,心まで解ける穏やかな味,情熱を支える力強い一杯,
001661.jpg,澄んだ心に合う透明な味,静かな思考を解く温もり,集中した心を満たす贅沢,
001662.jpg,心ほどける澄んだ味わいを,ふんわり優しい癒やしの時,満足感で笑顔がはじける,
001663.jpg,筋肉に染みる澄んだ味わい,心まで温まる優しい一杯,力強い体に最高の満足感,
001664.jpg,地球を愛する心に澄んだ味,丸い笑顔に合う優しい甘み,健康的な体に力強い満足感,
001665.jpg,都会的な感性に澄む味,知的で落ち着く優しい味,芯ある強さに合う贅沢な味,
001666.jpg,澄んだ視線に合う純粋な味,芯ある強さに寄り添う出汁,鍛えた体に満たす満足感,
001667.jpg,傷ついた体に染みる塩味,疲れを癒やす優しい甘み,筋肉を養うガッツリ飯,
001668.jpg,編み込みに似合う澄んだ味,黒い装いに映える甘い味,前向きな笑顔に合う贅沢味,
001669.jpg,個性を彩る澄んだ味わい,凛とした心に優しい甘み,自信を支える贅沢な満足,
001670.jpg,優しい笑顔に合う澄んだ味,虹色な心に寄り添う甘み,期待に満ちた贅沢な満足感,
001671.jpg,凛とした心に澄みわたる味,自由な翼で味わう優しさ,自信に満ちた贅沢な一杯,
001672.jpg,澄んだ心に合う純粋な味,芯ある体に染みる温もり,鍛えた体に満ちる充足感,
001673.jpg,爽やかな風と澄んだ味わい,穏やかな笑顔に合う甘味,凛とした姿に合う満足感,
001674.jpg,澄んだ瞳に合う透明な味,心ほどける優しい甘み,感性を満たす贅沢な満足,
001675.jpg,陽気な笑顔に合う澄んだ味,心まで緩む優しい味わい,快活な体に満ちる満足感,
001676.jpg,笑顔弾ける爽快な味わい,心ほどける優しいひととき,遊び心満たす贅沢な満足感,
001677.jpg,澄んだ味で心も軽やかに,ほっこり温まり緩む頬,ガッツリ食べて元気満点,
001678.jpg,軽やかな心に合う澄んだ味,ふんわり笑顔に似合う甘み,前向きな心を満たす満足感,
001679.jpg,穏やかな心に澄み渡る味,ゆったり流れる癒やしの時,心を満たす贅沢な満足感,
001680.jpg,思索に浸る澄んだ味わい,穏やかな時に合う温もり,こだわり派に贈る満足感,
001681.jpg,尖った感性に澄み渡る味,自由な心を満たす甘い誘惑,反骨の魂を揺さぶる衝撃,
001682.jpg,芯から研ぎ澄ます一杯を,静かに心を満たす味わい,力強い体に最高の活力を,
001683.jpg,骨太な体に染みる澄んだ味,無骨な心に沁みる甘い味,鍛えた体に満たす贅沢な味,
001684.jpg,自由な感性に合う澄んだ味,遊び心満載の優しい一杯,自信を彩るパワフルな味,
001685.jpg,心ほどける優しい味わい,穏やかな時に合う甘み,軽やかに満たされる贅沢,
001686.jpg,澄んだ心に合う淡い味わい,ゆるやかな時に優しい甘み,自由な感性を満たす満足感,
001687.jpg,森の風に合う澄んだ味わい,穏やかな心に染みる出汁,自然の中で満たす満足感,
001688.jpg,リズム刻む体に染みる味,踊る心を満たす優しい味,ストリート派に贈る贅沢飯,
001689.jpg,澄んだ心に合う清涼な味,優しい瞳に寄り添う温もり,好奇心満たす贅沢な満足感,
001690.jpg,知恵を絞る体に染みる味,迷える心に優しい出汁を,工夫の末に贅沢な一杯を,
001691.jpg,こだわり抜いた粋な味を,心まで満たす贅沢な一杯,自信を持って食らう快感,
001692.jpg,穏やかな微笑みに合う味,黒い指輪に似合う粋な味,前傾姿勢で頬張る贅沢を,
001693.jpg,穏やかな心に合う澄んだ味,優しい笑顔に寄り添う出汁,自由な感性を満たす満足感,
001694.jpg,澄んだ瞳に合う透明感,編み込み髪に似合う優しさ,自信あるあなたに贅沢を,
001695.jpg,澄んだ心に合う透明な味,彩り豊かな感性を満たす,鋭い視線を解く贅沢な一杯,
001696.jpg,心解ける澄んだ味わいを,ゆるやかに浸るひととき,力強く満たす至福の一杯,
001697.jpg,澄んだ心に合う清らかな味,穏やかな時に浸る優しい味,虎の心意気に合う贅沢な味,
001698.jpg,心までほどける優しい味,穏やかな笑顔に合う温もり,心躍る満足感をあなたに,
001699.jpg,自由な感性に合う澄んだ味,軽やかな心に寄り添う甘み,彩りある日々に満ちる活力,
001700.jpg,虎の気概でさっぱりと,笑顔弾ける優しい味,広い肩に合う満足感,
001701.jpg,澄んだ瞳に合う透明感,黒い服に映える優しい味,若々しく弾ける満足感,
001702.jpg,明るい笑顔に合う澄んだ味,心弾む大ぶりな満足感を,前向きな心に満ちる活力,
001703.jpg,爽快な気分に合う澄んだ味,力強い肩幅に満ちる活力,心ほどける穏やかなひととき,length_not_8_12 | 爽快な気分に合う澄んだ味\n心ほどける穏やかなひととき\n力強い肩幅に満ちる活力
001704.jpg,芯から研ぎ澄ます一杯を,こだわり抜いた至福の味,自信に満ちた贅沢な満足,
001705.jpg,鋭い眼差しに合う澄んだ味,静かな心を満たす温もりを,こだわり抜いた贅沢な一杯,
001706.jpg,自由な感性に合う澄んだ味,親しみやすさ満点のだし味,個性を刺激するガッツリ飯,
001707.jpg,明るい笑顔に合う澄んだ味,快活な心に染みる優しい味,元気な体へガッツリ栄養を,
001708.jpg,澄んだ味で心まで整える,心温まる優しいひととき,力強い満足感をその身に,
001709.jpg,澄んだ笑顔に合う透明感,心まで解ける優しい味,軽やかな日々に贅沢な一杯,
001710.jpg,洗練された味で心を満たす,落ち着いた時に染みる味,こだわりを形にする贅沢,
001711.jpg,洗練された味をあなたに,凛とした心に染みる味,都会的な感性を満たす味,
001712.jpg,軽やかに弾ける透明感,リボンに似合う優しい味,笑顔が弾む満足の一杯,
001713.jpg,淡い色に合う澄んだ味わい,甘いリボンに似合う甘味,可愛い私に贅沢なご褒美,
001714.jpg,個性を彩る澄んだ味わい,心まで温まる優しい色,欲張りな私に合う贅沢,
001715.jpg,個性を彩る澄んだ味わい,自由な感性に合う優しさ,こだわり抜いた満足感を,
001716.jpg,澄んだ瞳に合う清らかな味,可憐な姿に似合う優しい味,華やかな装いに合う贅沢味,
001717.jpg,澄んだ瞳に合う清涼な味,縞模様に似合う優しい出汁,端正な姿に似合う贅沢品,
001718.jpg,心ほどける優しい味わいを,静かな時に染みる温もりを,自分を労わる贅沢な時間を,
001719.jpg,心ほどける澄んだ味わいを,ふっくら甘いご褒美時間を,しっかり食べて気分転換を,
001720.jpg,クールな私に合う澄んだ味,モノトーンに映える甘い味,凛とした心を満たす贅沢を,
001721.jpg,洗練された美しさに合う味,彩りある装いに寄り添う味,芯のある強さを満たす贅沢,
001722.jpg,爽やかな色合いに合う味,知的で落ち着いた一杯を,活動的な二人に合う贅沢,
001723.jpg,洗練された味で心を満たす,品格漂う贅沢なひとときを,自信に満ちた力強い味わい,
001724.jpg,青い瞳に合う澄んだ味わい,水色に寄り添う優しい味,真剣な眼差しに合う贅沢感,
001725.jpg,洗練された味をシンプルに,落ち着いた心に染みる味,こだわり抜いた贅沢な一品,
001726.jpg,洗練された大人の澄んだ味,余裕ある心に沁みる出汁,鍛えた体に贅沢な満足感,
001727.jpg,洗練された白の輝きを,上品に纏う黄金の味,都会的な赤の情熱を,
001728.jpg,澄んだ瞳に合う純粋な味,上品な装いに優しい出汁,凛とした姿に贅沢な満足,
001729.jpg,洗練された美しさに合う味,凛とした佇まいに寄り添う,都会的な感性を満たす贅沢,
001730.jpg,真剣な心に澄み渡る味,彩り鮮やかな贅沢時間,凛とした姿に合う満足感,
001731.jpg,彩り豊かな心に澄んだ味を,華やかな気分で温まる一杯,弾ける笑顔に合う贅沢な味,
001732.jpg,ピンクのリボンに似合う味,まるいお顔がほころぶ味,真剣なあなたへのご褒美,
001733.jpg,リボンに似合う澄んだ味,自信満々にとろり甘い,元気いっぱいガッツリと,
001734.jpg,笑顔はじけるさっぱり味,リボン揺らしてふっくらと,元気いっぱいお腹いっぱい,
001735.jpg,洗練された粋な味わいを,品格ある大人の選択を,自信に満ちた贅沢な一杯,
001736.jpg,軽やかな私に合う澄んだ味,自由な心を満たす優しい味,個性を彩る贅沢な満足感,
001737.jpg,洗練された白に染まる味,大胆な縞模様に合う甘み,鋭い美しさを満たす贅沢,
001738.jpg,彩り鮮やかな日に合う味,凛とした視線に合う逸品,自信に満ちた姿に合う一杯,
001739.jpg,澄んだ心に合う淡い味わい,穏やかな時に寄り添う甘味,凛とした姿に似合う贅沢感,
001740.jpg,彩りドレスに合う澄んだ味,凛とした姿に優しい出汁を,華やかな日に贅沢な満足感,
001741.jpg,真剣な眼差しに澄んだ味を,伝統を纏い温もりに浸る,こだわり抜く贅沢な一杯,
001742.jpg,芯のある味で心を満たして,凛とした君に合う優しい味,自信を糧に明日へ突き進め,
001743.jpg,澄んだ視線に合う透明感,凛とした心を満たす甘み,こだわりを貫く贅沢な味,
001744.jpg,澄んだ心に合う淡い味わい,静かな時に寄り添う温もり,凛とした姿に満ちる活力,
001745.jpg,にっこり笑顔で味わおう,ぎゅっと抱きしめて食べる,おそろいの服で頬張ろう,
001746.jpg,ストリートな刺激を一杯に,静かな心を満たす温もりを,こだわり抜いた贅沢な満足,
001747.jpg,ストリートな二人へ贈る味,お揃いの装いに合う一杯,遊び心満載の贅沢な一品,
001748.jpg,凛とした姿に合う澄んだ味,縞模様に似合う優しい甘み,真っ直ぐな心を満たす贅沢,
001749.jpg,彩り衣装に合う澄んだ味,静かな心を満たす優しい味,凛とした姿に合う贅沢な味,
001750.jpg,個性を彩る澄んだ味わい,華やかな装いに合う甘み,自信に満ちた贅沢な満足感,
001751.jpg,洗練された美しさに合う味,華やかな装いに寄り添う味,都会的なスタイルに合う味,
001752.jpg,明るい笑顔に合う澄んだ味,開放的な心に染みる甘み,弾ける快活さに満ちる贅沢,
001753.jpg,眼鏡に似合う澄んだ味わい,穏やかな心に染みる甘み,しっかりした体に満足感を,
001754.jpg,不機嫌な心に澄んだ一杯を,こだわり派の胃袋を満たせ,不満を吹き飛ばす贅沢な味,
001755.jpg,爽やかな笑顔に合う一杯,清潔感ある姿に心地よく,凛とした佇まいに合う贅沢,
001756.jpg,澄んだ笑顔に合う淡い味,穏やかな心に寄り添う味,芯ある美しさに合う満足感,
001757.jpg,心を満たす優しい塩味,お腹を包む温かな出汁,明日への力になる満足感,
001758.jpg,華やかな装いに澄んだ味を,お洒落な心に優しい温もり,気品ある体に贅沢な満足を,
001759.jpg,爽やかな笑顔に合う一杯,心まで解ける優しい味,快活な日々に贅沢な満足,
001760.jpg,鋭い眼差しに合う澄んだ味,個性を引き立てる優しい味,芯のあるあなたに合う贅沢,
001761.jpg,疲れを癒やす澄んだ味わい,心ほどける温かな一杯,不満を吹き飛ばす満足感,
001762.jpg,洗練された身軽な味わい,清潔感あふれる優しい味,鍛えた体に贅沢な満足感,
001763.jpg,洗練された味で心身を整え,凛とした佇まいに合う逸品,自信に満ちた力強い満足感,
001764.jpg,クールな瞳に合う澄んだ味,個性を引き立てる優しい味,鋭い感性に響く贅沢な味,
001765.jpg,澄んだ瞳に合う透明な味,穏やかな心に染みる甘み,凛とした姿に合う満足感,
001766.jpg,疲れを癒やす澄んだ味わい,迷いを消して心温まる味,肩の力を抜きに満腹感を,
001767.jpg,クールに澄みわたる味わい,個性が光る甘い誘惑,大胆な色気と満たされる心,
001768.jpg,爽やかな笑顔に合う一杯,知的で端正な味に浸る,賑やかな仲間と満腹感,
001769.jpg,洗練された味で心も軽く,穏やかなひとときを添えて,都会的なあなたに贅沢を,
001770.jpg,鋭い眼差しに合う澄んだ味,真剣な心を満たす優しい味,鍛えた体に贈る贅沢な味,
001771.jpg,澄んだ心に合う淡い味わい,落ち着いた時に染みる出汁,洗練された身に満ちる活力,
001772.jpg,クールな瞳に合う澄んだ味,縞模様に似合う優しい甘み,スリムな体に贅沢な満足感,
001773.jpg,華やぐ装いに合う澄んだ味,彩り豊かな日々に優しい味,上品な佇まいに贅沢な一品,
001774.jpg,澄んだ心に合う優しい味,花のように華やかで温かい,凛とした姿に合う贅沢な味,
001775.jpg,淡く澄んだ心に寄り添う味,穏やかな時に合う優しい味,清楚な装いに似合う贅沢を,
001776.jpg,澄んだ心に合う透明感,ふわりと弾ける軽やかさ,芯ある瞳に似合う満足感,
001777.jpg,澄んだ瞳に合う透明な味,花のような心に優しい味,凛とした姿に合う贅沢味,
001778.jpg,澄んだ心に合う淡い味わい,可憐な花に似合う優しい味,凛とした姿に満ちる満足感,
001779.jpg,洗練された刺激をあなたに,芯のある強さに合う贅沢を,大胆な私に相応しいご褒美,
001780.jpg,ポップな色に合う澄んだ味,猫耳気分で楽しむ甘い味,個性が光る贅沢な満足感,
001781.jpg,鋭い視線に合う澄んだ味,クールに決める上品な一杯,自信に満ちた贅沢な満足感,
001782.jpg,洗練された味をあなたに,凛とした心に染みる温もり,都会的な贅沢をその一皿に,
001783.jpg,洗練された美しさに合う味,華やかな私へのご褒美を,自信に満ちた贅沢な一杯,
001784.jpg,知的で洗練された一杯を,落ち着いた心に優しい味,凛とした姿に合う贅沢を,
001785.jpg,澄んだ心に合う透明感,真っ直ぐな君へ優しい味,真剣な瞳に合う満足感,
001786.jpg,疲れを癒やす澄んだ味わい,心ほどける優しいひととき,明日への活力、贅沢な一杯,
001787.jpg,澄んだ瞳に合う白い輝き,赤いリボンに似合う甘み,細い指先で味わう贅沢を,
001788.jpg,白い肌に合う澄んだ味わい,赤白の縞に似合う甘い味,スリムな体に贅沢な満足感,
001789.jpg,華やかな瞳に合う澄んだ味,縞模様に映える黄金の彩り,自信に満ちた贅沢な満足感,
001790.jpg,洗練された美しさに合う味,彩りある装いに寄り添う味,凛とした眼差しに合う贅沢,
001791.jpg,凛とした姿に合う澄んだ味,端正な佇まいに寄り添う味,真剣な眼差しに満たす贅沢,
001792.jpg,凛とした私に合う澄んだ味,洗練された姿に優しい一杯,芯のある私へ贅沢な満足感,
001793.jpg,笑顔弾ける爽快な味わい,心まで満ちる優しい甘み,満足感たっぷり贅沢な一杯,
001794.jpg,澄んだ眼差しに合う一杯,真面目な心を満たす味,気合を入れる贅沢な一品,
001795.jpg,心ほどける優しい味わい,絆を深める温かな一杯,二人で分かち合う贅沢を,
001796.jpg,澄んだ心に合う優しい味,穏やかな時に寄り添う一杯,細身の体に贅沢な満足感を,
001797.jpg,澄んだ心に合う優しい味,柔らかな笑顔に似合う一杯,凛とした姿に贅沢な満足を,
001798.jpg,洗練された美しさに合う味,都会的な装いに寄り添う味,凛とした佇まいに合う贅沢,
001799.jpg,洗練された粋な味わいを,穏やかな心に沁みる味,芯あるあなたに贅沢を,
001800.jpg,澄んだ心に合う淡い味わい,静かな時間に染みる温もり,土に触れた体に満ちる力,
001801.jpg,鋭い眼差しに合う澄んだ味,気品ある装いに寄り添う味,情熱の赤に負けない満足感,
001802.jpg,澄んだ心に合う透明な味,静かな時に寄り添う甘み,芯のあるあなたに贅沢を,
001803.jpg,鋭い感性に澄み切る一杯,芯ある強さに優しい出汁を,大胆な装いに贅沢な満足を,
001804.jpg,洗練された味で心を満たす,都会的な感性に寄り添う味,こだわり抜いた贅沢な一品,
001805.jpg,凛とした心に澄み渡る味,編み込みに似合う優しい味,真剣な瞳を満たす贅沢な味,
001806.jpg,芯から染みる澄んだ味わい,渋い男に似合う優しい味,骨太な体に満たす満足感,
001807.jpg,凛とした私に合う澄んだ味,洗練された装いに優しい味,堂々たる私に相応しい贅沢,
001808.jpg,彩る装いに合う澄んだ味,軽やかな心に優しい出汁,自信ある日々に贅沢な満足,
001809.jpg,芯ある私に合う澄んだ味,凛とした私へ甘いご褒美,自信満々な私に贅沢な一杯,
001810.jpg,洗練された味をスマートに,自信に満ちた心を満たす,個性が光る贅沢な一杯,
001811.jpg,自信に満ちた澄み渡る味,余裕ある笑顔に合う温もり,意欲的な心を満たす贅沢,
001812.jpg,陽気な気分で楽しむ甘い味,華やかな笑顔に合う澄んだ味,弾ける個性に似合う贅沢な味,length_not_8_12 | 華やかな笑顔に合う澄んだ味\n陽気な気分で楽しむ甘い味\n弾ける個性に似合う贅沢な味
001813.jpg,爽やかな笑顔に合う一杯,お洒落な装いに優しい味,弾ける笑顔に贅沢な満足,
001814.jpg,心ほどける澄んだ味わいを,ほっと笑みがこぼれる一杯,心もお腹も満たされる贅沢,
001815.jpg,軽やかな装いに合う味,知的な休息に寄り添う,若さ溢れる心を満たす,
001816.jpg,クールに味わう澄んだ一杯,大人っぽく嗜む甘い誘惑,洗練された私へのご褒美,
001817.jpg,凛とした心に澄み渡る味,真剣な瞳に寄り添う温もり,芯のある強さを支える贅沢,
001818.jpg,真剣な心に澄み渡る味,凛とした姿に優しい温もり,前向きな日に力強い一杯,
001819.jpg,渋い眼差しの澄み渡る味,髭に似合う出汁の深み,鍛えた体に満ちる活力,
001820.jpg,澄んだ瞳に合う優しい味,柔らかな笑顔に合う温もり,心まで満たされる満足感,
001821.jpg,澄んだ笑顔に合う透明感,リボンの彩りに優しい味,弾ける若さに満ちる活力,
001822.jpg,個性を彩る澄んだ味わい,自信に満ちた心に温もりを,大胆なあなたに贅沢な一杯,
001823.jpg,洗練された美しさに合う味,知的で華やかなひと時に,凛とした佇まいに贅沢を,
001824.jpg,個性を彩る澄んだ味わいを,静寂に寄り添う優しい味,芯のある私に贅沢な一皿,
001825.jpg,白い肌に合う澄んだ味わい,リボンに似合う上品な甘み,芯ある視線に合う贅沢感,
001826.jpg,繊細な心に澄み渡る味,赤い装いに温もり添えて,凛とした姿に満たす贅沢,
001827.jpg,可憐な私に合う澄んだ味,甘いリボンに似合う甘味,お洒落に楽しむ贅沢な品,
001828.jpg,清楚な装いに合う淡い味,甘いリボンに似合う甘み,可憐な姿に贅沢な満足を,
001829.jpg,知的な眼差しに澄んだ一杯,お洒落な装いに優しい出汁,真剣な心を満たす贅沢な味,
001830.jpg,澄んだ心に合う透明な味,静かな時に寄り添う温もり,凛とした姿に満ちる活力,
001831.jpg,ぬいぐるみと一緒にぺろり,お気に入りの色とあわせて,元気いっぱい頬張ろうね,
001832.jpg,明るい笑顔に合う澄んだ味,軽やかな装いに優しい味,前向きな心に満ちる満足感,
001833.jpg,澄んだ瞳に合う透明感,リボンの彩りに優しい味,凛とした佇まいに満たす,
001834.jpg,澄んだ心に合う透明感,静寂に寄り添う優しい味,鋭い感性を満たす贅沢,
001835.jpg,自由な感性で味わう一杯,飾らない自分に合う温もり,エッジの効いた贅沢な味,
001836.jpg,気品漂う澄んだ味わいを,淑やかな心を満たす一杯,自信に満ちた贅沢な満足感,
001837.jpg,澄んだ心に合う透明な味,お洒落な装いに優しい甘み,こだわり抜いた贅沢な満足,
001838.jpg,鋭い感性に合う澄んだ味,個性を引き立てる優しい味,こだわりを満たす贅沢な味,
001839.jpg,個性を彩る澄んだ味わい,穏やかな時に寄り添う味,自由な感性に響く贅沢感,
001840.jpg,上品な装いに優しい甘みを,華やかな日々に澄んだ味わいを,輝くあなたへ贅沢な満足感を,length_not_8_12 | 華やかな日々に澄んだ味わいを\n上品な装いに優しい甘みを\n輝くあなたへ贅沢な満足感を
001841.jpg,華やかな装いに合う澄んだ味,リボンの彩りに寄り添う甘味,自信ある私に贈る贅沢な一杯,length_not_8_12 | 華やかな装いに合う澄んだ味\nリボンの彩りに寄り添う甘味\n自信ある私に贈る贅沢な一杯
001842.jpg,静かな心に澄み渡る味,心ほどける優しい温もり,内なる想いを満たす贅沢,
001843.jpg,澄んだ味で心を整える,落ち着いた時に染みる味,腹を満たして明日へ挑む,
001844.jpg,明るい笑顔に合う澄んだ味,心まで弾む優しい甘み,軽やかな体に贅沢な満足,
001845.jpg,澄んだ笑顔に合う淡い味,穏やかな心を満たす甘み,凛とした姿に合う満足感,
001846.jpg,澄んだ眼差しに合う淡い味,穏やかな心に染みる出汁,真剣な日々に力強い一杯,
001847.jpg,蝶ネクタイに合う澄んだ味,真剣な君へ甘いお揚げを,小柄な体にガッツリ盛り,
001848.jpg,洗練された味をあなたに,気品あるひとときを,こだわり抜いた贅沢を,
001849.jpg,澄んだ瞳に合う透明感,彩る腕に似合う温もり,凛とした心を満たす贅沢,
001850.jpg,個性を彩る澄んだ味わいを,真珠に似合う優しい温もり,芯あるあなたに贅沢な一杯,
001851.jpg,爽やかな風に合う澄んだ味,心まで解ける優しい甘み,自分へのご褒美に贅沢盛り,
001852.jpg,編み込み髪に合う澄んだ味,穏やかな心に沁みる甘み,スリムな体に贅沢な満足感,
001853.jpg,個性を彩る澄んだ味わい,芯のある私に合う温もり,自信をくれる贅沢な一杯,
001854.jpg,自信に満ちた澄み渡る味,華やかな装いに合う逸品,凛とした心を満たす贅沢,
001855.jpg,優しい笑顔に合う澄んだ味,心まで温まるふっくら感,幸せを運ぶ贅沢な満足感,
001856.jpg,澄んだ笑顔に合う透明感,上品な装いに優しい味,軽やかな姿に贅沢な満足,
